record_id,sector,employees,month,revenue_usd,opex_usd,accounts_receivable_days,inventory_days,loan_balance_usd,owner_injections_usd,cashflow_stress_next_month
R00001,Manufacturing,93,2024-08,71329.95,74665.07,28,46,31244.94,6505.34,0
R00002,Hospitality,96,2025-08,94136.2,93902.74,62,33,62612.22,0,0
R00003,Retail,45,2024-06,45418.88,40867.88,31,18,44559.65,5861.23,0
R00004,Retail,107,2024-04,79558.65,60416.72,31,48,58377.79,0,1
R00005,Healthcare,11,2024-06,11932.76,8338.71,41,34,64482.94,0,0
R00006,IT Services,18,2024-03,31539.46,23605.74,27,48,23524.89,8291.39,0
R00007,Retail,61,2024-02,59683.24,62993.33,34,37,23857.05,8314.64,0
R00008,Hospitality,119,2025-04,89116.46,67274.68,47,7,45272.6,0,0
R00009,Logistics,30,2025-08,18379.76,12490.03,20,34,0,0,1
R00010,Healthcare,21,2025-04,30252.83,31664.67,21,38,30285.67,0,0
R00011,Manufacturing,64,2024-02,52210.01,40645.94,51,18,39811.56,1302.44,0
R00012,Manufacturing,108,2025-01,79928.97,61698.28,33,22,46492.72,2038.94,0
R00013,Retail,69,2024-11,51169.61,37131.47,66,0,56376.84,3173.46,0
R00014,Hospitality,51,2024-04,50352.56,48257.48,35,12,49291.04,2388.87,0
R00015,Manufacturing,69,2024-04,73563.33,66807.56,45,41,36106.61,6376.22,0
R00016,Hospitality,73,2024-02,61764.74,45870.75,49,49,72629.13,7413.56,0
R00017,Manufacturing,110,2024-09,75196.93,73674.37,49,8,32485.82,768.43,0
R00018,IT Services,42,2025-04,33517.77,34921.2,39,29,9455.88,0,0
R00019,Logistics,63,2024-07,59261.26,60702.54,35,54,8503.49,2913.57,0
R00020,Hospitality,15,2025-02,4000,3122.75,42,38,3142.75,9615.47,0
R00021,Hospitality,28,2024-11,38633.86,29230.13,43,15,0,1745.21,0
R00022,Manufacturing,5,2024-01,13481.82,10896.57,55,26,57800.37,4230.7,0
R00023,Healthcare,68,2024-07,72082.11,57180.48,29,45,27034.67,0,0
R00024,Hospitality,20,2024-09,17202.21,13292.94,57,25,58057.0,0,0
R00025,IT Services,4,2024-02,4000,2710.99,11,14,42675.85,5189.56,0
R00026,IT Services,3,2024-07,4000,2500,60,38,63952.5,11029.27,0
R00027,Logistics,70,2025-07,63985.16,44006.56,33,16,4596.35,4134.38,1
R00028,Retail,106,2025-02,90428.51,62413.12,43,20,13956.56,0,0
R00029,Logistics,45,2025-02,59206.78,62614.08,39,11,39914.14,2499.63,0
R00030,Retail,94,2024-11,79042.13,63215.37,53,2,43934.63,4699.43,0
R00031,Healthcare,19,2024-03,17394.35,11550.33,18,53,61725.35,7588.72,0
R00032,Manufacturing,65,2025-07,40964.37,43178.92,42,39,58210.9,0,0
R00033,Manufacturing,34,2024-11,39474.56,36971.73,48,33,8206.4,10682.47,0
R00034,Manufacturing,81,2025-02,63776.83,44868.21,15,29,79065.92,6429.04,0
R00035,Manufacturing,99,2025-06,91312.03,68372.69,23,9,56619.49,0,0
R00036,Hospitality,91,2024-11,79027.82,53513.4,42,35,30668.46,0,0
R00037,Manufacturing,6,2025-03,15296.8,8966.79,51,0,47368.18,0,0
R00038,Logistics,41,2025-04,45195.23,40805.01,31,54,28838.3,6236.64,1
R00039,IT Services,30,2024-09,21866.54,14616.62,25,29,0,7455.62,0
R00040,Healthcare,108,2025-01,82984.46,49790.09,40,21,37679.82,0,0
R00041,IT Services,50,2024-09,58757.63,46294.79,47,19,3723.71,9027.94,0
R00042,Logistics,40,2024-08,31348.1,25694.77,27,28,53687.91,5125.46,0
R00043,Logistics,36,2025-03,37523.92,29717.68,33,33,0,7806.25,0
R00044,IT Services,56,2024-02,60950.44,60916.12,20,50,74265.43,569.17,0
R00045,Retail,113,2025-06,93806.51,64445.15,60,2,68168.32,0,0
R00046,Healthcare,35,2024-02,34814.93,23725.9,30,29,36616.31,828.0,0
R00047,Healthcare,118,2024-04,109885.16,113983.2,40,56,43582.95,0,1
R00048,Retail,120,2024-01,110982.26,113355.65,47,55,75144.28,11560.47,1
R00049,Logistics,58,2025-04,45651.82,36420.72,46,5,70624.2,0,0
R00050,Healthcare,94,2025-04,78430.5,81017.23,24,12,14602.72,2711.29,0
R00051,Logistics,82,2024-10,68572.16,63791.67,24,19,36571.7,4344.13,0
R00052,Hospitality,56,2025-07,47270.86,29001.53,42,23,8258.34,7978.01,0
R00053,IT Services,105,2025-05,85626.3,86495.55,41,56,26083.48,2730.8,1
R00054,Hospitality,53,2024-01,41690.62,32361.97,51,10,17486.55,0,0
R00055,Manufacturing,5,2024-04,14579.31,15303.32,76,15,65023.18,12231.74,0
R00056,Hospitality,15,2024-07,18790.34,13459.34,51,53,58223.68,2936.88,1
R00057,Healthcare,46,2024-03,47575.26,41870.72,57,22,36171.32,1498.27,0
R00058,IT Services,6,2024-02,4000,3399.88,47,0,28848.04,560.22,0
R00059,IT Services,41,2025-01,39621.71,41937.85,28,10,28579.19,7655.99,0
R00060,Retail,22,2024-09,36270.68,23095.98,18,1,17698.61,8464.03,0
R00061,Logistics,95,2025-07,81812.91,61541.64,69,36,68578.46,77.15,0
R00062,Retail,114,2024-02,93054.35,81238.51,46,17,48597.74,1795.55,0
R00063,IT Services,69,2024-02,60932.07,36636.78,18,57,47315.0,5455.64,0
R00064,Hospitality,30,2024-10,25112.78,19643.88,38,65,46470.99,0,1
R00065,IT Services,107,2024-06,83054.71,60312.47,28,21,26200.9,0,0
R00066,Healthcare,111,2024-10,89730.06,55401.9,10,32,0,0,0
R00067,Hospitality,96,2024-03,93763.27,82966.36,69,54,60614.8,0,1
R00068,Healthcare,93,2025-07,78080.03,58585.5,54,38,32503.68,3768.29,0
R00069,Logistics,56,2025-02,50566.66,36252.73,50,61,52828.57,8472.39,0
R00070,Manufacturing,92,2025-04,72164.3,65087.64,34,22,23281.25,4673.74,1
R00071,Hospitality,9,2025-03,22581.69,20889.4,38,43,20187.89,319.32,0
R00072,Retail,68,2025-07,58749.13,45002.87,39,7,6228.33,0,1
R00073,Healthcare,78,2025-04,61148.47,56687.98,34,49,4518.92,0,0
R00074,Manufacturing,84,2024-10,71663.78,41970.18,55,46,12718.96,790.68,1
R00075,Logistics,46,2024-02,46864.08,47044.68,56,28,34905.61,6108.83,0
R00076,Logistics,56,2024-03,48787.71,52388.4,55,24,78348.4,441.9,0
R00077,Logistics,87,2024-07,74151.48,63132.51,19,24,0,0,0
R00078,Logistics,92,2025-04,70612.96,47254.76,44,50,50193.32,7948.41,0
R00079,Manufacturing,6,2025-04,8840.19,6749.7,30,56,27666.6,0,0
R00080,IT Services,93,2024-10,78230.89,72506.4,28,38,48344.11,3066.93,0
R00081,Hospitality,29,2025-02,40358.66,27897.92,41,37,52901.84,2144.26,1
R00082,Manufacturing,53,2024-12,48183.77,35316.51,41,60,34776.64,2652.32,0
R00083,Healthcare,97,2024-09,74868.31,47093.84,25,29,21392.05,7541.8,0
R00084,IT Services,65,2024-03,54247.61,43354.5,83,28,55894.79,8553.69,0
R00085,Healthcare,10,2025-07,22082.53,18611.35,42,40,10717.76,3178.07,0
R00086,Healthcare,33,2024-08,25574.57,22477.7,50,6,6956.36,0,0
R00087,Logistics,99,2025-01,86569.74,60848.62,12,31,49935.47,0,0
R00088,Healthcare,69,2025-02,62917.79,54765.31,24,24,53742.05,6416.6,0
R00089,Healthcare,71,2025-08,86490.98,65239.83,72,27,16836.22,10957.03,0
R00090,Logistics,33,2024-01,36533.11,29955.73,50,25,26326.6,1228.41,0
R00091,Logistics,51,2024-12,52711.64,54681.86,34,6,55210.0,12357.01,0
R00092,Logistics,10,2024-03,6630.72,5640.03,10,42,55023.09,8469.52,0
R00093,Healthcare,117,2024-08,104336.0,84350.85,44,60,29800.61,0,0
R00094,IT Services,92,2024-09,74785.02,65876.4,86,55,42276.41,2856.28,0
R00095,Healthcare,119,2025-02,77330.08,67051.33,55,16,27989.42,0,0
R00096,Logistics,23,2025-04,35808.47,38217.78,44,34,30472.64,0,0
R00097,Retail,66,2024-07,60683.1,51221.13,52,24,67377.14,0,0
R00098,IT Services,21,2024-07,12729.33,11076.56,50,29,17133.5,6832.21,0
R00099,Healthcare,79,2024-10,57536.28,37612.14,33,5,57491.54,2701.11,1
R00100,Logistics,110,2025-08,91714.38,63586.56,24,5,0,1588.37,1
R00101,Manufacturing,106,2024-01,78367.84,62447.01,28,17,658.88,6688.83,0
R00102,Healthcare,44,2025-08,52796.08,32332.21,38,32,8075.3,2897.83,0
R00103,Retail,65,2024-02,52206.74,37774.09,47,31,18132.13,237.22,0
R00104,Healthcare,65,2025-02,61828.68,51301.38,57,15,22493.13,3850.44,1
R00105,IT Services,42,2024-01,45522.73,41766.28,27,28,13787.42,3555.91,1
R00106,Logistics,20,2025-04,44987.19,36444.45,35,32,61365.84,0,0
R00107,Logistics,100,2025-01,90541.12,78001.28,28,45,6098.75,4719.66,0
R00108,Retail,86,2025-04,69904.79,61318.27,75,30,0,2098.84,1
R00109,Manufacturing,46,2025-07,44598.1,34843.23,35,52,0,0,0
R00110,IT Services,31,2024-11,11020.19,11166.9,46,21,46497.0,5730.98,0
R00111,Logistics,26,2025-07,28606.48,20935.76,47,79,23016.59,211.91,1
R00112,Logistics,50,2024-03,59809.01,54305.21,52,18,21699.8,1195.41,1
R00113,Healthcare,43,2024-03,32918.24,34105.99,44,11,37562.76,0,0
R00114,Hospitality,4,2025-05,4000,3998.96,43,16,63601.86,0,1
R00115,Logistics,112,2025-08,89406.66,87927.92,39,24,28007.73,8944.33,0
R00116,Logistics,32,2025-07,9526.55,9492.35,46,39,52435.16,6585.24,0
R00117,Manufacturing,80,2024-02,68913.53,53632.78,10,0,32953.03,3759.06,0
R00118,Healthcare,49,2024-04,60357.18,39368.22,34,27,29160.79,3985.91,0
R00119,Manufacturing,76,2025-08,75780.5,45975.12,52,21,6205.46,2802.24,0
R00120,IT Services,73,2024-12,51724.14,31757.64,51,25,83609.81,3887.65,0
R00121,IT Services,42,2024-10,27355.73,18420.62,44,0,35122.29,13547.98,0
R00122,Retail,70,2024-12,67566.7,55131.9,30,43,42405.35,11780.48,0
R00123,Healthcare,53,2024-08,59673.95,64426.12,38,25,58683.03,3509.14,1
R00124,Manufacturing,120,2024-01,98821.75,73846.09,19,40,51260.35,0,1
R00125,Hospitality,47,2025-04,30631.02,30823.55,18,10,5880.6,0,0
R00126,Hospitality,76,2025-07,69518.49,64636.39,39,36,12739.51,0,0
R00127,IT Services,110,2024-01,78799.45,58532.49,25,43,65201.59,3619.55,0
R00128,Manufacturing,78,2024-06,54929.24,35285.16,49,42,40572.17,0,0
R00129,Healthcare,35,2024-05,31332.38,19436.41,28,50,50274.7,7594.0,0
R00130,Hospitality,33,2024-01,35683.25,29348.79,47,51,0,466.1,0
R00131,Retail,81,2024-07,78039.49,49076.65,27,23,101175.31,3003.82,0
R00132,Manufacturing,42,2025-02,50622.15,39127.81,47,0,45955.25,7413.5,0
R00133,Retail,43,2024-02,24423.54,20912.2,58,8,50214.39,2851.56,0
R00134,Logistics,9,2024-04,4000,3751.06,56,15,6003.55,10515.52,0
R00135,Healthcare,44,2024-11,32474.79,33327.24,41,58,10525.58,2162.0,0
R00136,Manufacturing,61,2025-08,67319.22,57236.69,34,25,1809.14,3751.03,0
R00137,Retail,95,2024-10,93367.72,95231.02,25,64,28869.65,8039.36,0
R00138,Retail,37,2024-01,44574.88,35385.45,57,41,19785.07,1089.53,0
R00139,Manufacturing,114,2024-11,103825.51,81763.94,10,39,53699.49,0,0
R00140,Manufacturing,33,2025-08,37731.67,36548.35,28,14,0,3120.96,0
R00141,Logistics,82,2024-04,79096.73,47677.53,24,20,18557.08,10113.83,0
R00142,Retail,109,2025-05,82245.76,65298.18,45,45,29359.01,11644.06,0
R00143,Healthcare,85,2024-12,65687.78,67214.88,47,15,29728.46,3813.93,0
R00144,Manufacturing,99,2025-02,90217.3,61647.11,51,36,28410.56,1685.16,0
R00145,Logistics,17,2024-07,29421.42,30255.46,10,39,59455.07,0,0
R00146,IT Services,60,2024-03,54190.6,36058.72,51,55,65489.45,0,0
R00147,Manufacturing,81,2024-07,63040.84,54138.38,10,40,19967.3,0,0
R00148,IT Services,18,2024-10,17676.73,12156.88,35,12,23281.63,0,1
R00149,Manufacturing,60,2025-03,50307.61,34091.1,70,4,39583.39,0,0
R00150,Manufacturing,65,2024-05,63937.22,55937.73,40,22,71344.84,9789.47,0
R00151,Retail,45,2024-12,49340.5,43353.53,52,26,55758.46,0,1
R00152,Retail,19,2025-03,11065.9,9261.45,26,34,34938.27,4671.63,0
R00153,Healthcare,9,2024-12,24838.66,19133.65,24,20,27542.82,1929.58,0
R00154,Retail,110,2025-01,96338.27,64508.89,51,37,20371.16,641.72,0
R00155,Healthcare,90,2025-08,102476.54,77405.82,21,16,37514.19,0,0
R00156,Logistics,14,2024-12,29351.08,19982.32,55,37,65259.68,5617.72,0
R00157,Healthcare,64,2024-12,47758.74,34842.21,20,19,52167.81,703.86,0
R00158,IT Services,44,2024-06,46663.73,39482.57,45,47,42037.75,8523.8,0
R00159,IT Services,79,2025-06,55852.9,55989.85,54,5,31747.84,3300.01,0
R00160,Logistics,42,2025-08,50394.89,42570.15,54,5,69575.65,2141.09,1
R00161,IT Services,7,2024-01,11624.64,8554.17,39,41,27575.09,1223.61,0
R00162,IT Services,36,2024-08,40568.47,30783.71,35,1,13407.88,0,0
R00163,Hospitality,30,2025-04,35817.56,32202.66,42,7,61425.26,13628.6,0
R00164,IT Services,31,2024-02,56525.4,56319.82,28,17,33795.65,6061.03,0
R00165,Manufacturing,45,2024-09,35736.55,24905.23,32,36,79820.31,6885.03,0
R00166,IT Services,78,2024-07,79508.49,54305.53,67,20,25844.55,5561.21,0
R00167,Healthcare,101,2025-01,80812.0,54739.57,53,10,0,0,0
R00168,Retail,108,2024-11,85064.12,51971.37,59,31,31230.04,473.08,0
R00169,Healthcare,14,2024-07,17767.1,11321.68,63,36,19081.21,4573.75,0
R00170,Manufacturing,58,2024-06,39591.62,30231.9,37,33,9288.18,0,0
R00171,IT Services,57,2025-08,59733.72,50774.21,43,11,7061.35,5711.1,0
R00172,Logistics,119,2025-07,106722.16,94770.06,18,22,53012.89,1246.77,0
R00173,IT Services,24,2024-12,27826.49,22853.72,43,38,19320.88,0,0
R00174,IT Services,43,2024-07,33090.36,20882.24,11,25,0,2227.63,0
R00175,Healthcare,71,2024-03,65210.77,51628.09,56,28,26769.49,3318.02,1
R00176,Healthcare,34,2024-09,33851.14,23433.44,40,0,12578.63,2580.32,0
R00177,IT Services,25,2024-10,33376.51,27891.51,44,35,15626.28,0,0
R00178,Healthcare,75,2024-05,50706.16,42250.41,36,15,9082.95,5477.97,0
R00179,Hospitality,49,2024-03,55324.18,38038.98,65,19,24031.22,1146.94,0
R00180,IT Services,48,2025-06,49712.33,30403.35,54,77,41191.98,0,0
R00181,Manufacturing,95,2025-02,68869.49,64492.37,29,75,27933.99,2924.53,0
R00182,Hospitality,117,2024-06,99922.19,63220.71,16,20,73186.54,6752.82,0
R00183,Hospitality,116,2024-05,98949.17,86191.06,44,36,32247.63,9771.95,0
R00184,Hospitality,27,2024-05,37646.61,24720.49,31,39,34078.49,5334.67,1
R00185,Manufacturing,55,2024-04,48671.16,30998.45,12,26,51100.4,0,1
R00186,Retail,109,2024-04,91034.12,80923.36,10,30,6762.31,3208.29,1
R00187,Hospitality,84,2024-11,63601.78,43505.34,56,14,44432.51,3933.76,0
R00188,Logistics,48,2024-07,49258.86,48103.66,18,41,45037.7,9900.67,0
R00189,Manufacturing,14,2024-11,36539.81,27427.25,46,45,48153.79,6145.4,1
R00190,Healthcare,46,2025-01,55038.29,35710.1,76,19,31708.21,0,0
R00191,Logistics,3,2025-06,23687.97,17644.37,16,16,104383.23,2332.8,0
R00192,IT Services,58,2025-07,50730.18,42330.0,60,24,15780.08,6691.88,0
R00193,Healthcare,53,2025-07,36608.51,25210.9,29,19,33230.75,0,0
R00194,Healthcare,40,2024-03,32514.6,27994.41,49,3,33279.76,5228.89,0
R00195,IT Services,79,2024-07,66851.74,43521.15,36,41,46776.12,0,0
R00196,Logistics,118,2025-07,97194.37,101180.12,25,32,49459.79,11852.54,1
R00197,Hospitality,80,2024-03,49164.13,40846.11,62,43,0,0,0
R00198,Retail,14,2024-10,26717.65,20642.18,43,24,23384.08,0,0
R00199,Retail,92,2024-01,64077.13,43788.55,18,14,19047.07,0,0
R00200,Hospitality,46,2025-03,54523.14,41264.93,15,28,68011.11,193.34,0
R00201,Hospitality,45,2024-11,39402.66,40991.93,36,5,26051.21,853.04,0
R00202,Manufacturing,114,2024-06,101233.13,85106.85,48,65,42063.85,6245.94,0
R00203,Logistics,97,2025-05,87411.72,88715.03,47,45,24566.96,0,0
R00204,Logistics,16,2025-07,25915.32,22177.77,36,22,0,0,0
R00205,Retail,17,2024-08,14173.27,10360.54,65,28,35951.94,4345.08,1
R00206,IT Services,89,2024-09,63562.61,45327.75,21,7,70995.95,1724.64,0
R00207,Hospitality,12,2024-10,21235.39,16690.29,32,12,41234.54,2663.66,0
R00208,Retail,46,2025-03,48795.58,33470.89,53,20,42161.06,1083.14,1
R00209,Logistics,39,2024-11,35354.31,27000.3,26,29,66132.93,821.52,0
R00210,Logistics,99,2024-04,68303.97,60986.64,11,37,63373.71,2850.51,0
R00211,Logistics,73,2024-02,60242.34,39531.42,33,34,0,0,0
R00212,Logistics,80,2025-02,81461.67,80003.66,41,28,37005.84,0,0
R00213,Hospitality,89,2024-04,75109.08,47375.64,71,35,16635.45,7477.26,0
R00214,Logistics,59,2025-01,56984.63,34614.62,31,13,43074.5,8068.33,0
R00215,Retail,9,2025-04,10090.88,8212.52,60,11,37963.1,0,1
R00216,Hospitality,20,2024-11,26758.47,15994.6,47,36,35418.12,3542.62,0
R00217,Retail,51,2024-12,31702.53,22692.79,25,31,0,12319.29,0
R00218,Hospitality,14,2024-05,26866.31,23573.13,17,27,74860.1,2384.55,0
R00219,Healthcare,55,2024-10,45925.57,35086.1,30,30,31971.83,7545.42,0
R00220,Healthcare,91,2025-01,67768.07,58564.85,39,44,18882.63,5802.99,0
R00221,Hospitality,58,2024-06,45369.53,33258.63,39,48,9586.7,0,0
R00222,Healthcare,68,2024-11,72131.86,69061.45,44,35,27379.52,5798.45,0
R00223,IT Services,95,2025-03,84764.3,68101.94,62,18,24261.02,2689.02,0
R00224,Healthcare,43,2025-01,57734.57,49356.74,50,27,50945.86,8986.84,0
R00225,Retail,40,2024-05,47582.59,29699.49,39,37,69758.08,4468.5,0
R00226,Retail,42,2025-01,26962.88,19161.03,28,31,54598.23,0,0
R00227,Hospitality,28,2025-01,37030.21,39226.7,56,14,9649.76,2847.49,0
R00228,Healthcare,80,2024-03,86030.53,76934.32,50,67,48296.94,1908.81,0
R00229,IT Services,26,2025-08,35296.1,37177.26,30,10,0,4521.36,0
R00230,IT Services,58,2024-07,61434.75,50338.57,32,47,44473.61,725.03,0
R00231,Logistics,3,2024-05,13279.84,9245.85,34,31,62305.11,4144.51,0
R00232,Logistics,106,2025-07,72977.2,45779.85,29,31,68816.56,939.75,0
R00233,Retail,52,2025-02,63028.77,45478.92,52,46,51660.85,8355.86,0
R00234,Retail,97,2025-02,90762.08,54530.6,42,42,96706.59,0,1
R00235,Retail,68,2025-07,71624.63,76304.99,18,12,40375.61,0,1
R00236,Healthcare,119,2024-11,101622.18,78267.51,72,45,9936.17,0,1
R00237,Healthcare,60,2024-08,50280.89,42918.79,38,8,77967.7,2307.72,1
R00238,Retail,39,2024-06,37971.32,35995.36,64,19,60307.19,0,0
R00239,Healthcare,9,2025-07,18796.34,18715.69,47,5,0,7409.83,0
R00240,Retail,109,2025-03,80736.21,60170.96,44,22,22611.86,0,1
R00241,Manufacturing,22,2024-03,26157.61,17848.03,42,12,56992.12,4010.77,0
R00242,IT Services,16,2024-08,31620.87,29387.49,60,21,66682.75,2696.69,0
R00243,Hospitality,72,2025-01,66448.15,43767.2,23,8,26462.22,13662.2,0
R00244,IT Services,3,2024-11,7593.63,6814.58,36,16,15334.19,556.04,0
R00245,Retail,16,2025-01,15391.05,15054.35,61,13,53611.08,6091.19,1
R00246,Healthcare,70,2024-04,78726.66,48203.79,19,0,16066.84,1669.03,0
R00247,Manufacturing,78,2024-08,56828.79,34391.61,38,39,10951.47,3591.6,1
R00248,Retail,85,2025-03,72244.03,49792.43,48,38,67398.54,6549.92,1
R00249,Manufacturing,78,2024-02,50426.72,29780.62,57,27,36043.36,0,0
R00250,Logistics,114,2025-06,99742.99,71929.02,41,64,0,6046.8,0
R00251,IT Services,116,2024-03,94421.39,88102.72,37,19,92947.06,2117.0,0
R00252,Logistics,89,2025-05,95212.25,73207.03,44,54,22356.14,4536.64,0
R00253,Retail,101,2024-11,75043.27,78962.17,66,17,14043.36,6591.1,1
R00254,Healthcare,64,2024-11,63914.58,59821.61,37,32,0,4558.27,0
R00255,Hospitality,79,2024-11,65654.46,42302.09,64,57,17049.31,4030.1,0
R00256,IT Services,66,2025-05,65594.64,55001.85,47,27,26481.97,10622.6,0
R00257,Hospitality,38,2025-08,37969.05,25630.35,31,18,4400.02,3543.95,1
R00258,Retail,86,2024-04,68503.93,43191.75,24,54,66889.51,0,0
R00259,Manufacturing,73,2024-08,60254.54,38585.24,43,35,31367.57,1216.67,0
R00260,Manufacturing,116,2024-02,98185.23,73533.26,48,0,6372.81,2683.56,1
R00261,Hospitality,71,2025-03,64993.0,45570.89,44,0,53985.5,0,0
R00262,IT Services,15,2025-05,29073.6,22634.42,23,17,59254.44,0,0
R00263,Healthcare,101,2025-03,79864.26,49900.69,22,50,50385.79,6079.93,0
R00264,Hospitality,98,2024-01,72281.21,43574.79,41,27,51383.69,0,0
R00265,Hospitality,83,2024-10,64834.5,54368.8,35,39,28999.29,1030.07,0
R00266,Manufacturing,83,2025-01,56906.82,58214.53,60,44,34627.28,2077.54,0
R00267,Retail,75,2024-01,51928.12,37821.12,43,34,5437.72,4071.17,0
R00268,Retail,14,2024-09,30153.64,26395.66,16,41,21011.5,856.09,0
R00269,IT Services,16,2024-01,17136.75,10681.76,34,19,22870.49,0,0
R00270,Manufacturing,52,2025-06,50115.78,46678.87,58,44,3136.9,7230.47,0
R00271,Retail,89,2025-05,88387.04,94303.55,23,47,22768.05,5713.06,0
R00272,Retail,16,2024-11,25527.87,21629.17,19,16,37888.0,6613.23,0
R00273,Hospitality,50,2025-01,29184.49,21437.3,50,28,20306.13,4990.96,0
R00274,Healthcare,22,2024-10,9340.23,5536.9,45,26,70261.81,3316.33,0
R00275,IT Services,17,2025-05,6913.0,6996.82,42,50,48963.58,4409.93,0
R00276,Logistics,120,2024-07,99168.77,76156.64,42,19,21200.15,0,0
R00277,Manufacturing,110,2025-03,78386.86,73944.13,70,51,18643.13,4337.78,1
R00278,Healthcare,14,2024-09,11308.33,11234.6,49,0,9755.87,13460.28,0
R00279,Retail,15,2024-05,15939.54,12351.2,26,12,40715.68,4562.81,0
R00280,Logistics,7,2024-07,4000,4194.39,58,30,14691.07,0,0
R00281,Manufacturing,100,2024-05,76662.33,68656.73,51,39,0,5132.71,0
R00282,Hospitality,47,2024-12,39450.76,31963.54,42,30,24112.18,0,0
R00283,Healthcare,114,2025-05,100794.69,84328.1,13,27,42451.04,1350.64,0
R00284,Logistics,97,2025-04,80423.08,85099.0,39,0,51904.13,13697.12,0
R00285,Logistics,72,2024-07,58659.38,59477.04,45,27,33168.85,2251.08,0
R00286,Logistics,4,2024-10,4851.87,4184.98,38,33,0,3518.23,0
R00287,Healthcare,109,2024-01,88001.32,76000.03,10,32,25140.4,0,0
R00288,Logistics,21,2024-11,41077.45,40956.1,21,34,14325.46,0,0
R00289,Logistics,81,2025-07,81533.36,66080.82,47,26,33308.78,0,0
R00290,Hospitality,119,2025-01,102960.78,65453.18,41,0,18435.14,4708.12,0
R00291,Retail,20,2025-03,6443.16,5072.9,58,17,43188.82,9433.36,0
R00292,Healthcare,120,2024-06,94137.16,87988.49,30,50,27275.46,0,0
R00293,Healthcare,91,2024-09,73167.58,73702.01,43,21,2254.57,0,0
R00294,Manufacturing,15,2024-02,21892.57,20252.35,37,61,46167.13,0,0
R00295,Retail,104,2025-06,62149.35,46545.04,30,19,53011.54,4956.27,0
R00296,IT Services,98,2025-03,87933.31,92878.2,61,1,64371.07,2294.49,0
R00297,Retail,69,2025-03,73594.88,74475.97,32,58,64828.47,7479.08,0
R00298,Logistics,120,2025-06,105689.8,76011.05,36,13,40449.05,4810.73,0
R00299,Manufacturing,112,2025-01,87823.74,89903.25,57,40,66515.27,12502.78,0
R00300,Hospitality,25,2024-07,17633.04,12977.56,15,22,42513.64,6993.18,0
R00301,Manufacturing,55,2025-01,43898.78,30448.96,23,53,45361.73,6834.79,0
R00302,Retail,86,2025-08,73055.61,60636.55,42,15,38218.8,0,0
R00303,IT Services,44,2025-07,37527.46,32313.53,59,44,50904.77,2418.81,0
R00304,Healthcare,3,2025-05,4555.78,3947.35,67,44,4020.82,215.91,0
R00305,Retail,111,2024-07,97446.64,70109.47,10,21,38005.63,8838.19,0
R00306,Retail,94,2025-08,79914.71,79913.19,10,54,19605.56,9285.76,1
R00307,Retail,7,2024-09,14537.75,11729.29,41,48,18736.72,1732.63,1
R00308,Manufacturing,41,2025-03,30421.82,21815.22,21,57,46780.49,0,0
R00309,Logistics,117,2024-06,100575.02,66115.84,51,55,2754.17,5189.47,0
R00310,Hospitality,108,2025-04,89601.96,93233.13,44,55,23600.87,7510.95,1
R00311,Manufacturing,93,2025-05,66210.3,70402.19,55,22,21794.94,1516.24,0
R00312,IT Services,80,2025-04,62456.74,42261.29,40,15,0,5193.73,0
R00313,Manufacturing,63,2025-05,49775.1,38224.59,30,38,19064.56,4762.22,0
R00314,IT Services,39,2025-03,30910.72,20342.49,26,9,4698.35,2703.73,1
R00315,Manufacturing,48,2024-12,31388.65,22690.47,42,33,6599.95,850.87,0
R00316,Healthcare,14,2024-05,9830.32,9514.42,27,20,18060.41,4066.5,0
R00317,Hospitality,111,2024-11,83561.45,88269.24,19,41,46989.1,5213.86,0
R00318,Manufacturing,16,2025-06,29988.09,18689.82,19,32,39554.93,17338.01,1
R00319,Retail,118,2024-07,86223.34,62967.87,41,57,19867.14,0,1
R00320,Logistics,11,2025-02,9588.11,8072.58,13,39,79478.36,2975.59,0
R00321,Hospitality,10,2024-01,24935.53,20765.27,22,10,31765.01,0,0
R00322,Hospitality,45,2024-05,28083.72,25921.95,68,34,21615.35,7971.15,0
R00323,Hospitality,108,2024-03,94585.44,91352.0,43,17,60849.28,0,1
R00324,Logistics,19,2025-04,26688.42,16329.05,57,11,38025.19,8432.41,0
R00325,IT Services,82,2024-02,83813.93,79283.11,46,17,13528.68,5386.34,0
R00326,IT Services,103,2024-02,65555.68,63873.45,10,29,32655.43,0,0
R00327,IT Services,16,2024-12,36523.23,27296.98,38,24,21535.23,1621.2,1
R00328,Hospitality,45,2024-11,44100.48,28977.9,24,3,17168.98,6975.09,0
R00329,Healthcare,17,2024-03,15924.58,9281.52,47,32,22076.56,8319.63,1
R00330,Logistics,67,2024-09,48706.84,29472.31,55,51,28708.28,2134.27,0
R00331,Logistics,59,2024-06,59973.32,60382.82,36,10,63099.69,3146.47,0
R00332,Healthcare,32,2024-08,45707.8,46700.75,46,31,0,0,0
R00333,IT Services,56,2025-08,37311.23,40154.88,57,18,22265.2,0,0
R00334,Manufacturing,69,2024-11,53009.28,52293.23,30,28,61171.49,2395.62,0
R00335,Logistics,57,2024-09,53444.8,48309.02,44,3,42078.17,2775.67,0
R00336,Retail,47,2025-07,50820.72,43806.55,64,23,16193.29,373.22,0
R00337,Logistics,41,2025-06,32889.29,19974.6,41,0,62097.96,0,0
R00338,Hospitality,75,2024-03,68381.45,59842.47,10,28,32720.93,6780.66,0
R00339,Healthcare,21,2025-07,21855.9,21382.62,14,25,28438.33,7709.14,0
R00340,Retail,108,2024-11,85732.25,51623.12,14,25,39156.08,3981.99,0
R00341,Retail,86,2025-01,76540.79,70599.47,43,20,48094.29,1853.53,0
R00342,IT Services,88,2025-04,73861.12,55097.14,57,27,64800.64,3042.92,0
R00343,IT Services,50,2025-05,48150.56,29040.59,41,48,90293.05,0,0
R00344,Healthcare,98,2024-08,85802.29,62075.14,48,45,33776.61,8540.13,0
R00345,Manufacturing,12,2024-08,19743.69,21216.72,10,61,88425.72,0,0
R00346,Hospitality,60,2024-03,49310.87,46235.12,56,22,56160.59,4431.95,0
R00347,Hospitality,82,2024-03,56362.27,54165.63,51,8,15147.98,641.78,0
R00348,Hospitality,22,2024-07,23112.79,17516.18,76,22,5936.28,2937.68,0
R00349,Retail,5,2025-03,7256.23,4611.58,40,55,15937.55,0,0
R00350,Manufacturing,66,2024-09,60202.52,59950.1,31,0,26610.7,0,0
R00351,Retail,117,2024-12,93841.4,88967.66,24,43,28354.3,0,1
R00352,Hospitality,106,2024-10,81698.31,78215.15,67,26,43303.19,322.57,0
R00353,Manufacturing,23,2024-12,19529.09,17199.14,47,40,0,0,0
R00354,Healthcare,68,2024-12,55817.34,38338.86,41,29,20912.83,1705.21,0
R00355,Retail,67,2025-08,57103.04,38556.1,30,40,74954.35,0,0
R00356,Hospitality,22,2025-05,38404.32,29741.63,49,55,49104.88,8032.58,0
R00357,IT Services,110,2024-02,80534.76,64214.35,33,2,55151.61,4060.05,0
R00358,Retail,51,2025-07,33605.15,30390.1,48,6,6845.87,0,0
R00359,Manufacturing,108,2024-01,78508.69,56019.78,51,26,0,3301.41,0
R00360,Retail,25,2024-01,36035.92,22218.73,46,32,61180.07,833.52,1
R00361,Logistics,8,2024-12,9194.09,5920.21,36,40,40968.17,2998.33,0
R00362,IT Services,52,2024-04,44347.06,47581.92,58,35,59779.02,3895.97,1
R00363,Logistics,109,2024-04,100251.65,72482.37,13,35,23506.56,6033.52,0
R00364,IT Services,101,2025-05,68096.38,43642.13,18,29,41299.96,0,1
R00365,Retail,70,2024-08,53198.11,43144.95,25,23,37887.18,0,1
R00366,Hospitality,109,2024-05,94178.56,101116.76,62,37,52685.44,581.53,0
R00367,Healthcare,97,2025-02,64116.02,39136.41,45,18,1600.46,8546.88,0
R00368,IT Services,80,2025-01,84210.47,83100.72,42,2,14969.15,11836.36,0
R00369,Logistics,62,2024-10,44321.14,40335.28,52,23,10991.16,4416.81,1
R00370,IT Services,4,2024-09,7436.41,4377.62,66,14,41008.53,1145.66,0
R00371,Hospitality,27,2024-11,21479.02,20315.54,43,48,37944.5,183.14,0
R00372,Hospitality,111,2024-05,90979.34,85681.42,28,8,39636.92,8079.05,0
R00373,Logistics,114,2025-02,107870.54,77050.36,38,43,41050.52,6859.19,0
R00374,Retail,107,2025-05,95372.07,76158.89,61,34,83877.9,5093.3,0
R00375,Logistics,117,2025-07,86251.88,61589.45,54,17,23839.34,5424.07,0
R00376,Hospitality,13,2024-03,39598.3,28613.18,68,62,20065.62,0,0
R00377,IT Services,43,2024-11,48422.71,36582.94,36,2,29420.51,0,0
R00378,Hospitality,15,2025-04,19066.37,20085.78,43,48,38027.44,0,0
R00379,Logistics,9,2024-03,9078.54,6512.11,21,0,71046.48,2099.51,0
R00380,Hospitality,34,2025-08,37347.11,31120.48,31,0,31549.29,5064.5,0
R00381,IT Services,31,2024-08,36107.03,25993.87,52,25,41595.64,0,0
R00382,Manufacturing,32,2024-10,35079.56,35096.57,34,28,56734.8,4245.97,0
R00383,Hospitality,104,2025-04,84131.58,52284.38,18,15,37953.05,0,0
R00384,IT Services,62,2024-01,46536.25,34286.76,60,0,4426.71,0,0
R00385,Healthcare,41,2025-06,45915.8,45474.0,50,75,39256.58,0,1
R00386,Manufacturing,26,2024-08,39451.62,33743.99,43,33,62315.51,3562.25,0
R00387,Logistics,49,2024-05,38620.96,33699.89,34,4,99637.96,1917.54,0
R00388,Manufacturing,67,2025-01,52672.91,47128.4,21,40,10695.3,2540.07,0
R00389,Hospitality,72,2024-01,55782.47,41199.8,44,24,66721.87,310.5,0
R00390,Logistics,56,2024-08,54922.56,54077.15,42,0,22605.94,1845.46,0
R00391,Hospitality,9,2024-09,30853.63,23289.76,40,54,48558.54,0,0
R00392,Manufacturing,98,2025-06,78306.25,56765.97,64,48,63110.38,4324.66,0
R00393,IT Services,120,2025-05,78560.33,80667.89,28,47,0,0,0
R00394,Logistics,103,2024-03,95051.81,65096.6,59,34,17777.66,0,1
R00395,Hospitality,74,2024-02,74742.04,46565.28,51,47,30752.33,3435.93,0
R00396,Retail,120,2025-04,98582.92,81401.83,40,34,25126.26,7599.47,0
R00397,Hospitality,83,2024-08,62205.97,55949.18,26,59,36541.33,3779.36,0
R00398,Manufacturing,10,2024-01,15779.82,15728.66,35,17,68131.04,8647.74,0
R00399,Healthcare,13,2024-03,31635.53,22259.32,55,33,1511.92,5221.62,0
R00400,IT Services,77,2024-10,72916.03,47759.84,43,0,33109.3,6393.36,0
R00401,Healthcare,44,2025-06,33198.71,34521.91,52,39,21018.21,0,0
R00402,Retail,98,2025-07,74449.68,74023.83,43,45,15843.14,9702.8,0
R00403,Hospitality,16,2024-08,17418.79,18772.85,56,36,45420.74,0,0
R00404,Logistics,69,2025-01,46396.12,47509.68,47,13,7613.71,5736.96,0
R00405,Hospitality,72,2025-03,65683.08,51336.82,33,18,6095.58,0,0
R00406,Manufacturing,114,2025-03,105006.2,84688.18,69,33,44553.24,0,0
R00407,IT Services,120,2025-04,104245.35,88557.84,31,0,56055.69,0,0
R00408,Manufacturing,58,2024-02,55611.76,45668.35,28,0,32014.99,2428.52,0
R00409,Manufacturing,96,2025-03,84355.85,57030.52,21,24,0,3910.4,0
R00410,Manufacturing,101,2025-03,103014.92,74300.91,58,42,47693.17,7723.11,0
R00411,Hospitality,9,2024-03,4000,3409.25,46,41,28061.03,0,0
R00412,IT Services,61,2025-06,62280.9,67107.39,46,24,35017.1,3350.66,0
R00413,Healthcare,77,2024-12,72029.36,60695.08,58,38,36358.61,1494.87,1
R00414,Logistics,45,2024-07,28573.99,27677.03,51,12,22622.84,861.58,0
R00415,IT Services,66,2024-05,58399.39,51346.33,35,22,30541.78,931.81,0
R00416,Retail,27,2025-07,16768.6,15468.94,30,14,26737.59,10592.17,0
R00417,Retail,108,2025-03,69999.34,56494.01,40,0,0,1370.63,0
R00418,Hospitality,99,2025-02,96714.14,93391.43,33,49,22126.32,8464.88,0
R00419,Healthcare,50,2025-01,57261.53,57786.54,10,41,31575.21,842.24,0
R00420,Healthcare,61,2024-08,56209.72,37618.34,60,29,53262.02,8703.89,1
R00421,Retail,21,2025-03,28728.71,28916.01,26,22,38949.28,226.57,0
R00422,Retail,17,2025-04,9531.64,5562.94,44,0,5859.27,333.11,0
R00423,Logistics,106,2025-07,97045.93,85800.32,48,73,8291.09,4072.85,1
R00424,Retail,85,2025-04,74697.43,58174.0,34,38,30591.49,4997.56,0
R00425,Manufacturing,33,2024-11,26777.31,21990.53,75,17,0,1460.19,0
R00426,Retail,13,2025-02,34567.18,33989.37,43,40,53721.98,15504.27,0
R00427,Hospitality,104,2025-05,93604.29,83293.73,37,17,55063.04,5399.4,0
R00428,Manufacturing,55,2024-06,62166.51,58280.6,24,27,88194.53,6555.82,0
R00429,IT Services,118,2025-02,102255.14,59381.6,10,35,33879.61,0,0
R00430,Hospitality,81,2024-09,75513.48,59920.06,48,0,6672.76,3674.91,1
R00431,Manufacturing,11,2024-07,13268.91,9514.05,52,42,11268.04,0,1
R00432,Logistics,47,2024-09,49545.92,51462.75,17,16,42385.26,6949.89,0
R00433,Hospitality,8,2024-05,22306.58,15265.1,33,44,66068.71,15.28,1
R00434,Manufacturing,120,2024-08,91056.59,73562.89,51,32,28715.85,1254.73,1
R00435,Logistics,69,2024-04,58774.8,34849.8,57,21,28050.88,5039.61,0
R00436,IT Services,52,2024-05,34667.13,34993.42,40,54,67894.05,652.41,0
R00437,Logistics,43,2024-06,34739.33,35281.02,33,9,47089.02,3481.21,0
R00438,Retail,93,2024-01,73488.93,53392.58,32,24,0,2493.38,0
R00439,Retail,57,2025-02,53837.01,45546.26,49,0,30908.39,9275.69,0
R00440,Logistics,66,2024-03,56932.51,49261.43,22,28,22021.66,0,1
R00441,Healthcare,15,2024-07,7036.43,7302.54,42,35,48939.73,6976.38,1
R00442,IT Services,49,2024-05,43894.48,29985.6,49,20,565.82,5950.88,0
R00443,Manufacturing,94,2024-04,75348.68,74933.43,52,42,37636.04,11940.24,1
R00444,Logistics,37,2025-06,27275.67,26639.79,35,21,50058.91,0,0
R00445,Logistics,25,2025-04,38282.8,27759.34,49,19,44327.45,6950.74,0
R00446,Healthcare,3,2025-03,5736.9,3935.32,18,38,12077.12,0,0
R00447,Logistics,115,2024-07,97148.07,64233.29,81,65,1414.57,2877.49,1
R00448,Logistics,53,2025-04,65469.32,54746.92,51,35,52443.66,5505.15,1
R00449,Manufacturing,107,2024-09,78351.92,69381.62,34,24,61466.42,1397.45,0
R00450,Manufacturing,12,2024-07,7809.55,4543.19,25,31,32340.54,0,0
R00451,Logistics,25,2025-07,15560.08,11110.56,28,41,4636.0,3109.3,0
R00452,Manufacturing,50,2025-04,38242.86,28285.46,59,28,26484.15,0,0
R00453,Retail,20,2024-04,19755.35,18806.0,11,25,30045.83,466.94,0
R00454,Retail,93,2024-09,80214.67,63722.54,40,31,50323.71,11010.5,0
R00455,Logistics,81,2024-08,76297.36,62408.39,23,25,52856.89,7664.14,0
R00456,Logistics,3,2024-06,8263.25,6126.05,31,32,99256.87,7026.51,0
R00457,Hospitality,5,2024-12,9699.11,9765.53,16,10,18939.82,9582.01,0
R00458,Manufacturing,25,2024-09,55880.55,49904.55,63,28,870.79,0,1
R00459,Hospitality,65,2024-11,51053.14,48238.99,34,0,37643.79,8929.2,0
R00460,Hospitality,14,2024-12,31240.27,18474.72,48,0,50713.82,8309.91,0
R00461,Healthcare,110,2024-09,66586.43,57618.15,48,6,32699.27,0,0
R00462,Healthcare,30,2025-03,41245.01,27403.97,41,15,45933.15,0,0
R00463,Manufacturing,63,2024-05,54351.06,44599.67,37,7,29062.87,3329.15,0
R00464,Hospitality,40,2024-02,35217.25,27138.88,10,26,5536.36,730.31,0
R00465,Retail,72,2025-07,51935.82,32310.92,73,38,66900.22,0,0
R00466,IT Services,77,2024-04,64462.68,57474.64,15,35,0,0,1
R00467,Manufacturing,50,2025-08,64711.12,45126.62,37,16,86871.93,2377.1,1
R00468,Manufacturing,89,2025-05,68068.42,66766.53,43,0,54812.16,7851.14,0
R00469,Healthcare,91,2025-04,80606.06,74909.19,64,69,30057.66,857.91,0
R00470,Logistics,12,2024-11,6617.88,4947.56,90,19,62938.64,0,0
R00471,Healthcare,89,2025-04,61103.69,58624.29,15,18,59708.34,3894.1,0
R00472,Retail,9,2024-08,7330.31,4414.56,60,25,64867.05,6239.22,0
R00473,Retail,49,2024-11,48179.06,33310.35,54,22,46044.88,0,1
R00474,IT Services,99,2024-08,75053.45,67222.93,25,43,29667.92,0,0
R00475,Hospitality,107,2024-04,111521.58,100874.68,19,16,9022.42,5036.31,0
R00476,Healthcare,17,2024-04,22258.9,22304.31,30,0,19172.36,189.49,0
R00477,Manufacturing,82,2025-06,77970.36,57902.42,59,20,29173.16,4248.53,0
R00478,Retail,18,2024-03,30153.55,21689.4,63,44,39230.88,2433.28,0
R00479,Hospitality,75,2024-06,46130.73,45802.66,29,46,35743.28,324.43,0
R00480,Logistics,52,2025-05,45064.72,33963.75,35,68,44233.81,0,0
R00481,Hospitality,18,2025-01,14958.16,13566.5,24,20,53650.86,9066.09,0
R00482,Manufacturing,77,2025-06,65051.72,55881.06,47,0,50269.26,870.8,0
R00483,IT Services,79,2025-07,74069.57,53464.51,80,24,63964.89,1672.62,0
R00484,Hospitality,44,2024-03,38851.37,30318.2,17,21,30351.64,227.81,0
R00485,Retail,53,2025-03,25349.29,16837.57,46,32,16154.93,3658.04,0
R00486,Logistics,47,2024-04,26187.76,15227.06,19,18,92217.3,4843.18,0
R00487,Logistics,10,2024-06,12414.0,10770.54,44,11,43358.28,9638.68,0
R00488,Healthcare,109,2024-12,99137.8,99081.87,25,23,31813.87,0,0
R00489,Logistics,94,2024-08,66675.21,41508.46,34,5,69727.54,0,0
R00490,Logistics,35,2024-04,40089.9,41666.72,46,25,78910.19,14004.21,0
R00491,Retail,3,2024-03,4000,3580.42,46,11,26704.73,9321.28,0
R00492,Healthcare,79,2025-02,67189.74,54569.86,31,18,0,3463.28,1
R00493,Healthcare,19,2024-04,22287.78,16571.64,64,47,20133.2,9366.55,0
R00494,Logistics,24,2024-09,33515.15,31801.27,31,29,28016.11,4531.19,1
R00495,Manufacturing,42,2025-08,45745.01,36475.6,50,13,0,11425.54,0
R00496,Manufacturing,59,2025-03,59056.71,60287.94,36,35,24325.93,6215.46,0
R00497,Retail,75,2024-09,56009.3,34942.04,14,17,46634.22,6773.82,0
R00498,Logistics,6,2025-02,4000,3705.42,36,26,23604.28,9112.57,0
R00499,Healthcare,24,2024-07,13915.38,9077.51,10,40,49132.61,0,0
R00500,IT Services,104,2025-04,80640.66,70240.7,65,1,84236.4,5881.65,0
R00501,IT Services,48,2025-07,38776.22,34981.27,10,47,92101.81,3506.06,0
R00502,Manufacturing,78,2024-12,83634.95,69159.02,10,49,36853.91,1377.81,0
R00503,Retail,99,2024-04,91756.03,78481.81,45,13,43418.22,164.21,0
R00504,Logistics,75,2024-08,53013.03,34433.38,43,35,39108.66,0,0
R00505,Retail,48,2024-07,47985.48,29867.76,54,73,34007.31,5162.83,0
R00506,IT Services,19,2024-01,30532.72,29814.68,29,32,24598.85,103.6,1
R00507,Retail,13,2024-02,5134.38,5138.67,10,36,46622.37,3370.17,0
R00508,IT Services,24,2024-10,21256.53,15775.49,48,21,21791.77,18378.83,0
R00509,IT Services,5,2024-10,12519.8,13046.22,32,60,32073.86,3412.21,1
R00510,IT Services,92,2024-11,81333.71,67795.21,31,44,88989.65,0,0
R00511,Manufacturing,27,2024-05,22190.69,15740.3,13,59,16113.97,3284.96,1
R00512,IT Services,108,2025-01,96391.36,89820.17,54,20,15904.5,7121.14,0
R00513,Logistics,27,2024-02,24608.4,14852.96,30,38,34530.73,0,0
R00514,Manufacturing,62,2024-11,64782.7,37675.16,10,25,67246.9,6508.43,0
R00515,Logistics,65,2024-07,55421.16,50798.69,68,63,27.04,3044.51,1
R00516,Manufacturing,116,2024-09,90860.2,84154.79,31,62,62706.73,5769.57,1
R00517,Manufacturing,92,2024-07,73779.25,75357.32,17,51,11061.49,9788.93,0
R00518,Manufacturing,55,2025-04,42644.56,34356.91,53,40,34990.97,1662.58,0
R00519,Hospitality,91,2024-01,74782.7,79573.84,61,19,53565.96,7065.02,0
R00520,IT Services,9,2025-01,5258.59,5508.33,56,73,78356.78,11555.63,0
R00521,Logistics,42,2025-08,40368.2,38151.95,50,24,0,0,0
R00522,Hospitality,60,2025-03,34199.75,30555.46,42,33,46668.55,4007.96,0
R00523,Healthcare,99,2024-09,91873.72,97997.89,13,49,21776.0,2276.01,0
R00524,Healthcare,19,2024-08,12943.17,7814.23,62,19,65728.69,8184.08,0
R00525,Hospitality,12,2024-02,19494.23,19771.07,40,54,41996.07,2905.26,0
R00526,Retail,42,2024-07,41925.16,36588.12,55,0,11301.12,2011.35,0
R00527,Logistics,73,2024-06,67376.11,54984.86,26,21,25400.46,4102.4,0
R00528,Retail,97,2025-04,65271.39,57452.52,53,55,42919.86,6228.31,0
R00529,Manufacturing,101,2025-08,95908.11,90398.59,38,9,45513.4,4075.64,0
R00530,Manufacturing,24,2024-11,18481.08,15839.48,52,39,36141.21,295.35,0
R00531,Logistics,90,2024-09,76340.91,66491.62,56,12,0,4640.89,1
R00532,Healthcare,89,2024-09,76189.93,74909.72,10,15,22449.01,2102.02,0
R00533,Healthcare,89,2025-01,73203.53,53056.99,59,0,47330.01,4607.09,0
R00534,Retail,102,2024-12,73822.08,65675.0,48,16,44658.09,2662.1,0
R00535,Retail,62,2024-09,63924.1,40050.07,59,47,63241.59,0,0
R00536,Hospitality,32,2024-07,32807.82,33849.96,50,41,30238.38,7433.92,0
R00537,Retail,96,2024-07,73605.82,56195.05,30,50,19255.39,5445.08,0
R00538,Hospitality,59,2024-02,58745.5,39147.76,68,20,42065.26,0,0
R00539,Retail,82,2025-04,79228.2,46997.78,34,42,8649.53,4024.62,0
R00540,Healthcare,46,2025-07,51368.17,54669.97,58,20,39174.16,1244.11,0
R00541,Manufacturing,27,2024-01,23216.49,24317.51,36,21,31043.74,4668.16,0
R00542,IT Services,59,2025-05,47033.36,32834.7,19,27,55298.38,1474.78,0
R00543,Hospitality,18,2024-03,13763.05,9807.01,59,59,81992.64,0,0
R00544,Manufacturing,63,2024-08,68587.83,71836.96,34,10,49026.97,7265.16,0
R00545,Manufacturing,107,2025-07,83639.01,86181.03,38,25,57613.14,11937.02,1
R00546,Logistics,80,2024-09,48602.46,39183.1,40,32,28248.34,7252.18,0
R00547,Logistics,44,2025-05,37349.01,21724.11,51,35,44408.96,8583.74,0
R00548,Retail,41,2025-06,44299.01,38093.67,41,37,56318.33,4401.4,0
R00549,Healthcare,76,2024-10,50906.23,30131.42,35,18,29456.67,5279.03,1
R00550,Healthcare,115,2025-01,91832.26,56435.1,22,28,40241.85,0,0
R00551,Healthcare,114,2024-01,79851.48,52658.24,34,42,67346.61,1494.85,0
R00552,IT Services,79,2024-06,68262.37,71847.85,29,10,12971.19,10772.33,0
R00553,Retail,49,2024-06,38615.67,33812.35,20,26,21858.8,3823.19,0
R00554,IT Services,46,2024-02,50421.62,34834.97,34,17,31845.81,0,0
R00555,Retail,57,2025-08,42815.87,34138.75,41,24,50971.64,7637.01,0
R00556,Manufacturing,96,2024-12,85587.82,60783.04,51,0,35815.87,0,1
R00557,Manufacturing,43,2024-12,45574.48,35471.74,37,56,27442.42,0,0
R00558,Logistics,43,2024-07,27670.22,16059.77,11,54,29969.92,7201.83,0
R00559,Hospitality,96,2025-06,72199.46,47247.18,50,14,27747.93,354.85,0
R00560,Retail,84,2024-01,68167.9,72523.15,35,0,55325.83,0,0
R00561,Retail,54,2024-11,42970.38,41440.45,28,36,25167.11,0,0
R00562,IT Services,25,2024-08,45332.21,41257.8,38,9,80809.28,123.04,0
R00563,Healthcare,86,2024-12,63088.9,41697.55,45,51,15334.52,4085.76,0
R00564,Hospitality,9,2025-08,13089.43,8790.9,18,5,92689.03,3316.75,0
R00565,Logistics,119,2024-01,83533.9,69859.37,48,64,62746.39,0,0
R00566,Healthcare,97,2024-02,80163.39,60875.28,35,65,23512.88,10257.81,0
R00567,IT Services,42,2025-07,45601.33,48515.99,47,26,71148.92,9235.7,0
R00568,Hospitality,100,2025-07,67835.17,51190.72,42,12,65707.74,770.4,0
R00569,Manufacturing,17,2025-04,26260.86,23528.22,34,5,18298.15,0,0
R00570,IT Services,111,2025-08,97804.07,76472.65,39,30,0,0,0
R00571,IT Services,15,2025-04,12679.94,11503.69,71,32,20698.84,8093.14,1
R00572,Healthcare,108,2025-01,86009.07,86083.71,35,46,36305.89,7874.14,0
R00573,Healthcare,100,2024-04,94153.93,93556.78,34,33,59987.8,619.74,1
R00574,Retail,15,2025-04,23839.45,25238.51,44,11,62353.04,0,1
R00575,Manufacturing,18,2024-03,11987.92,9894.17,46,37,56027.1,3090.86,1
R00576,Healthcare,4,2024-04,25606.27,16420.78,47,33,84764.05,0,0
R00577,IT Services,103,2024-10,83749.29,51406.12,62,34,39676.22,2926.97,1
R00578,Logistics,62,2024-09,51758.93,36702.42,10,6,22917.07,0,1
R00579,IT Services,116,2024-01,105739.08,64315.49,59,27,20251.9,0,1
R00580,IT Services,68,2024-09,71443.71,76033.29,38,22,47262.4,7921.44,0
R00581,Logistics,96,2024-04,84848.32,56151.94,62,23,70647.18,2312.07,1
R00582,Retail,83,2025-04,67375.79,49804.35,42,13,7807.66,6432.73,1
R00583,IT Services,102,2024-01,80808.73,52894.36,19,34,0,814.62,0
R00584,Manufacturing,68,2024-08,45317.36,46210.23,50,23,44564.65,0,0
R00585,Healthcare,77,2024-11,57856.16,59284.93,44,5,25568.17,0,0
R00586,Hospitality,52,2025-03,35676.83,33187.56,34,24,48158.17,5922.6,1
R00587,Healthcare,69,2024-10,64005.98,58214.12,62,0,18131.26,8232.43,0
R00588,IT Services,106,2025-08,80690.96,86134.07,28,19,25457.65,3511.36,0
R00589,Logistics,24,2024-05,15582.58,15555.32,52,0,56361.2,4142.27,0
R00590,Healthcare,4,2025-04,4000,4236.01,63,30,47735.08,7495.45,1
R00591,Hospitality,96,2024-04,81291.94,58046.37,30,21,54153.3,5540.6,0
R00592,Hospitality,19,2024-06,22402.22,18750.9,56,43,51536.07,13621.75,0
R00593,Retail,94,2025-05,83641.81,69208.8,32,30,53364.85,1918.08,0
R00594,Manufacturing,30,2025-06,49633.9,42590.75,60,17,34189.99,8631.7,0
R00595,IT Services,88,2024-04,80698.78,55464.85,59,37,31554.26,0,0
R00596,Hospitality,80,2024-04,67807.45,59118.0,34,29,24133.39,0,0
R00597,Healthcare,33,2024-12,26665.68,25502.26,25,10,87600.13,4135.38,0
R00598,Logistics,108,2025-08,86089.25,62927.81,30,31,42667.42,3254.51,0
R00599,IT Services,120,2024-07,92776.0,76652.52,18,26,53318.75,8531.1,0
R00600,IT Services,7,2024-09,6089.79,4197.02,38,63,29812.11,4106.97,1
R00601,Logistics,111,2024-08,93785.54,89647.73,64,69,0,2656.64,0
R00602,Manufacturing,3,2025-05,10747.89,9668.05,27,31,2486.31,5651.33,0
R00603,Hospitality,48,2024-11,35530.21,29250.71,30,52,56662.2,2522.19,0
R00604,Healthcare,31,2025-07,21186.79,17601.35,10,28,49982.96,2399.7,0
R00605,Logistics,120,2024-06,113218.23,68837.74,32,1,50045.8,850.75,0
R00606,Healthcare,62,2025-01,45505.84,47760.93,45,22,32772.08,0,0
R00607,IT Services,22,2024-04,24045.52,20852.63,43,20,25769.65,2816.29,0
R00608,Healthcare,114,2024-01,98290.98,79117.98,40,76,40657.33,4483.94,0
R00609,Retail,11,2025-02,22279.14,16599.18,48,21,10216.02,6580.88,0
R00610,Retail,61,2025-04,46359.51,43473.0,47,17,9116.62,0,0
R00611,Manufacturing,18,2025-07,18342.83,15148.1,21,51,11139.13,0,0
R00612,Manufacturing,111,2024-04,90619.89,58701.24,27,2,38321.07,2914.51,0
R00613,Healthcare,117,2024-07,79824.92,51104.24,32,21,53808.21,0,0
R00614,Hospitality,10,2024-04,4000,3874.59,43,70,49352.33,1854.97,0
R00615,Manufacturing,108,2025-06,97552.62,67313.56,30,44,65742.38,0,0
R00616,Healthcare,118,2024-12,106652.1,89313.67,60,0,0,822.48,0
R00617,Logistics,75,2025-07,70952.74,49250.95,22,19,2686.24,8708.49,0
R00618,Logistics,21,2024-04,36404.3,37627.46,41,60,10910.06,0,0
R00619,Hospitality,83,2025-06,75725.63,54387.43,41,9,46514.82,440.17,1
R00620,IT Services,11,2025-01,19288.97,19400.86,10,9,35863.23,0,0
R00621,Manufacturing,92,2024-03,68489.74,53660.24,26,37,21798.93,5727.77,1
R00622,IT Services,8,2024-08,4000,2531.58,38,38,37626.35,249.98,0
R00623,Hospitality,4,2024-06,8641.42,8239.13,10,18,32938.94,205.65,0
R00624,Hospitality,85,2024-04,71638.98,67760.8,71,9,50730.99,9237.2,0
R00625,Retail,90,2024-09,63137.37,51998.45,71,74,18986.13,4963.56,1
R00626,IT Services,31,2024-12,28029.56,20281.99,36,10,54646.91,0,0
R00627,Healthcare,104,2024-10,81846.25,65507.7,34,46,54865.04,1588.75,0
R00628,IT Services,53,2025-06,38986.7,40517.71,21,62,25803.83,10399.32,1
R00629,IT Services,32,2024-06,31220.31,33006.66,62,32,3333.24,0,0
R00630,Hospitality,81,2025-08,69361.8,44593.65,54,39,35281.66,0,1
R00631,Hospitality,3,2024-04,33551.15,34724.67,14,30,36972.9,11583.98,0
R00632,Logistics,110,2025-04,93994.46,78880.84,64,24,44901.57,9152.98,1
R00633,Hospitality,89,2024-06,74561.26,50083.64,28,15,70532.02,5545.61,0
R00634,Manufacturing,63,2024-10,58412.16,62290.72,38,42,11010.85,7841.24,0
R00635,Healthcare,119,2025-03,91963.05,77188.93,40,3,36165.21,4671.63,0
R00636,Logistics,107,2024-09,94780.45,58565.95,32,45,16507.22,5798.14,0
R00637,IT Services,19,2024-03,31394.37,24109.63,21,31,59920.53,11941.82,0
R00638,Retail,108,2025-06,86013.12,74005.67,28,54,63550.55,0,1
R00639,Hospitality,66,2025-01,42133.54,36313.27,35,18,26192.43,5785.19,1
R00640,Retail,30,2024-06,29894.34,22063.04,60,13,13485.39,1536.81,0
R00641,Logistics,118,2024-10,92287.43,68506.45,45,32,25496.83,4219.32,1
R00642,Healthcare,40,2024-04,45469.84,31597.41,25,0,56482.86,12087.67,0
R00643,Logistics,113,2024-04,102009.67,65931.17,67,41,39822.96,15072.13,0
R00644,Logistics,22,2024-07,31773.23,23061.49,52,18,0,7835.7,0
R00645,Retail,6,2024-07,13935.24,9263.38,45,27,27299.76,0,0
R00646,Healthcare,65,2024-04,45091.65,35529.3,54,13,44546.11,0,0
R00647,Hospitality,94,2024-01,71226.23,61374.27,30,58,0,0,1
R00648,Retail,68,2025-07,53259.05,50109.7,35,52,18709.92,4519.11,0
R00649,Manufacturing,36,2024-02,55472.87,47139.97,48,28,12849.33,5065.54,0
R00650,Logistics,115,2025-08,83104.24,52323.72,46,13,47024.65,7397.19,0
R00651,Manufacturing,63,2025-08,64436.69,66008.91,66,0,41641.39,2624.69,0
R00652,Manufacturing,34,2024-09,30800.24,31638.14,47,3,46575.32,1113.98,0
R00653,Logistics,115,2024-05,90796.04,89395.16,66,50,20543.64,3012.64,0
R00654,IT Services,45,2025-05,43225.86,30503.74,10,48,54841.79,8021.11,0
R00655,IT Services,27,2025-08,7225.75,5344.67,23,38,42801.27,7741.29,0
R00656,Hospitality,41,2024-06,39016.78,22883.8,28,0,60739.36,1739.84,0
R00657,Manufacturing,82,2024-09,73754.79,57166.22,37,15,31559.4,8794.63,0
R00658,Healthcare,6,2024-11,17857.61,16418.56,41,34,56359.64,1528.22,0
R00659,Healthcare,98,2025-01,70077.04,43130.36,36,12,11053.31,4988.33,0
R00660,IT Services,7,2024-10,4000,3738.16,53,46,86192.08,1513.68,1
R00661,IT Services,115,2024-02,104223.54,81613.95,31,16,44057.9,1660.28,0
R00662,Manufacturing,63,2025-08,54556.23,31805.52,68,16,39736.69,9646.93,1
R00663,Hospitality,27,2024-03,32908.97,34377.88,43,71,60213.9,0,1
R00664,Retail,99,2025-05,77964.4,79698.41,18,35,2333.91,7624.67,0
R00665,IT Services,71,2025-06,58307.22,44318.19,17,11,72908.13,4739.14,0
R00666,Retail,68,2025-07,68570.42,68540.74,24,36,12794.95,0,0
R00667,Healthcare,73,2025-03,81238.28,69608.53,30,24,54867.41,0,1
R00668,IT Services,68,2024-02,61514.57,59198.88,34,47,78095.19,0,0
R00669,IT Services,69,2024-10,61747.44,58586.85,10,7,25812.66,5038.63,0
R00670,Retail,99,2024-11,92703.58,97528.61,40,38,12628.28,3898.79,1
R00671,IT Services,57,2025-08,44069.58,26690.0,52,50,52417.8,8312.28,1
R00672,Retail,75,2024-02,40384.83,34282.0,10,19,84806.9,12431.35,0
R00673,IT Services,74,2025-01,59346.09,58646.6,53,1,54049.74,1773.3,0
R00674,Logistics,84,2024-07,85012.6,62444.57,44,0,36529.82,7052.66,0
R00675,Logistics,68,2024-11,44646.79,30915.09,35,20,19549.31,3016.44,0
R00676,IT Services,76,2025-02,70217.18,64802.96,10,27,7859.11,0,0
R00677,Logistics,58,2024-03,48461.14,42901.32,50,54,14337.69,3910.7,1
R00678,Logistics,3,2024-01,10656.71,6390.03,41,38,13558.48,5271.95,1
R00679,Hospitality,68,2025-04,55595.44,54376.69,10,18,66371.15,298.56,0
R00680,Hospitality,91,2024-12,58013.53,47752.71,37,28,56531.55,0,0
R00681,Logistics,10,2024-06,15761.18,15548.28,29,12,24818.71,3912.1,0
R00682,Manufacturing,64,2024-05,61777.71,38086.92,12,8,33455.35,0,0
R00683,Retail,80,2025-03,68085.21,57549.72,28,48,57646.09,3443.37,0
R00684,IT Services,62,2024-09,44330.59,42435.52,50,19,51833.85,3393.28,0
R00685,Hospitality,76,2024-04,76005.01,44445.08,56,0,21068.79,6058.71,0
R00686,Manufacturing,112,2024-03,111755.54,82635.18,33,14,20204.71,3023.28,0
R00687,IT Services,84,2025-01,85803.39,77108.42,43,19,38314.91,5862.87,0
R00688,Hospitality,70,2024-05,65025.25,59995.56,10,13,49149.51,9651.83,0
R00689,Manufacturing,59,2024-12,49988.22,49293.91,38,21,67537.95,10226.37,0
R00690,Logistics,120,2024-03,76232.95,57776.92,37,25,57202.5,8107.83,0
R00691,Retail,36,2024-03,45718.49,39997.02,29,36,46346.79,7792.24,0
R00692,Manufacturing,102,2024-09,77615.12,67228.66,25,45,13313.31,3306.88,0
R00693,Hospitality,49,2025-05,39513.46,24898.08,19,16,72994.26,5206.72,0
R00694,Manufacturing,72,2024-05,64087.56,58519.1,56,28,35775.57,10445.69,0
R00695,Retail,11,2024-02,28956.58,28442.47,66,42,35762.23,0,0
R00696,Healthcare,117,2025-02,92583.84,56497.81,35,46,28207.53,6954.91,0
R00697,Retail,93,2025-03,61371.89,41205.52,35,0,0,0,0
R00698,Healthcare,14,2025-02,5708.66,3361.51,54,23,43542.66,10126.12,0
R00699,Manufacturing,99,2025-05,80163.41,86150.45,37,34,19183.76,0,0
R00700,Healthcare,102,2024-11,83425.0,89730.64,39,16,0,0,0
R00701,Healthcare,13,2025-03,9423.98,6119.68,42,21,60991.44,8290.29,0
R00702,Healthcare,53,2024-10,50454.05,32536.76,62,1,24248.19,5377.17,1
R00703,Hospitality,30,2024-10,25608.65,25339.9,35,28,20809.83,4086.24,0
R00704,Retail,70,2024-03,62741.75,43006.64,41,57,31838.04,0,0
R00705,Manufacturing,36,2024-10,42342.81,33536.33,28,7,66532.84,8434.39,0
R00706,Retail,118,2024-04,98564.66,101307.77,15,20,64461.02,5255.54,1
R00707,Logistics,91,2024-08,82821.25,59233.95,33,31,57350.92,8397.88,0
R00708,IT Services,107,2025-01,91256.51,64526.07,23,0,32359.04,1572.0,0
R00709,IT Services,67,2025-05,55396.55,42476.35,57,12,32263.06,4500.22,0
R00710,Logistics,48,2024-06,48914.22,39805.43,27,42,37277.23,0,0
R00711,Manufacturing,66,2024-05,55557.59,48974.09,39,38,53026.21,808.82,0
R00712,Hospitality,112,2024-07,75785.72,51042.68,43,21,10138.0,7090.11,0
R00713,Hospitality,68,2024-11,65398.89,57847.98,10,1,46318.9,3393.12,0
R00714,Logistics,61,2025-01,55466.2,56608.35,28,31,38436.62,4301.16,0
R00715,IT Services,94,2024-07,87019.66,83295.47,35,68,33196.35,803.07,1
R00716,IT Services,83,2024-11,77376.26,56389.88,21,30,27164.91,3671.64,0
R00717,Logistics,71,2025-07,58161.52,59396.87,45,12,44447.97,8627.64,0
R00718,Healthcare,11,2025-04,10406.73,7832.63,25,10,985.44,3428.15,0
R00719,Healthcare,99,2024-05,74351.64,62735.04,38,39,46428.37,4027.41,0
R00720,Manufacturing,75,2024-01,50556.03,42568.61,34,10,23412.87,3450.47,1
R00721,Logistics,43,2025-06,36987.24,34705.09,43,43,27767.76,3439.93,0
R00722,Logistics,18,2025-05,18968.51,16335.71,17,45,69878.95,0,1
R00723,Hospitality,80,2025-02,78258.58,74110.36,42,19,39704.27,2456.56,1
R00724,IT Services,67,2024-02,58556.67,40222.66,59,48,58850.98,10977.17,1
R00725,Hospitality,50,2024-11,29592.28,28675.65,10,2,58327.64,0,0
R00726,Manufacturing,100,2025-03,84435.71,55397.11,22,40,74957.18,10527.62,1
R00727,Hospitality,13,2024-05,17361.68,11206.92,38,28,63114.95,11437.17,0
R00728,Hospitality,46,2024-10,55651.51,58715.37,18,53,46025.95,4951.88,0
R00729,Retail,68,2025-03,47430.39,42604.53,21,15,68819.81,5922.68,0
R00730,Retail,20,2024-03,21307.73,20616.69,43,30,8925.85,0,0
R00731,Hospitality,70,2024-12,55056.37,52036.68,13,46,9815.01,0,0
R00732,Retail,5,2024-05,7490.21,6900.65,34,42,26554.66,1524.21,1
R00733,Retail,48,2024-11,41441.41,43906.36,55,9,21805.43,2921.97,0
R00734,Logistics,38,2025-01,40700.54,37698.54,10,39,33697.43,12357.09,1
R00735,Hospitality,91,2025-08,84452.46,57084.4,54,19,31524.74,10845.67,0
R00736,Logistics,39,2024-09,46953.99,40211.61,56,29,38419.13,3715.79,0
R00737,IT Services,96,2024-01,89959.18,75477.27,23,20,52855.55,4186.23,0
R00738,IT Services,19,2025-07,27038.38,16977.43,55,26,9714.01,5095.03,0
R00739,IT Services,27,2025-03,28355.1,20468.48,13,41,22144.17,9584.27,0
R00740,Retail,65,2025-02,51426.69,37467.74,55,50,75392.01,3369.92,0
R00741,Healthcare,29,2024-12,28515.72,28434.75,25,24,35299.61,1336.63,0
R00742,IT Services,37,2024-05,29677.0,19962.21,45,79,15829.57,8856.34,0
R00743,Hospitality,42,2024-11,48847.23,43441.93,37,0,31257.85,0,0
R00744,IT Services,111,2024-09,73957.07,74232.24,41,12,60956.43,14101.54,0
R00745,Manufacturing,86,2025-05,63119.58,42683.41,51,7,31877.95,10921.45,0
R00746,Healthcare,115,2024-06,107471.41,88884.63,31,8,27722.93,5308.2,0
R00747,Retail,95,2024-07,81215.44,59506.06,36,19,22557.3,5362.11,0
R00748,Hospitality,31,2024-12,30369.24,27907.74,17,20,13087.59,1578.32,0
R00749,Manufacturing,109,2024-07,92694.35,58257.31,40,18,13866.75,0,0
R00750,IT Services,55,2025-06,46808.29,47543.63,13,26,64138.3,8.5,0
R00751,Hospitality,91,2024-06,88696.76,56509.28,16,32,68843.34,41.6,0
R00752,Logistics,79,2024-07,82309.52,63784.73,20,28,26733.51,6566.58,0
R00753,Logistics,14,2024-02,7229.74,6569.45,38,62,72135.19,277.26,0
R00754,IT Services,80,2025-03,71953.53,44672.86,25,52,24298.77,4905.15,0
R00755,IT Services,3,2024-12,10775.04,7645.72,14,21,30887.13,0,0
R00756,Healthcare,85,2024-09,59735.93,42719.12,24,28,89524.44,1527.07,0
R00757,Logistics,79,2024-07,74975.11,73603.35,27,21,48074.71,3114.65,0
R00758,Hospitality,31,2024-07,52352.98,38269.46,25,16,24477.19,6550.9,0
R00759,Manufacturing,111,2025-02,107074.13,78128.55,48,14,47785.46,0,0
R00760,Retail,13,2024-10,21837.16,14497.39,20,19,43138.71,10605.98,0
R00761,Logistics,51,2024-04,34442.53,26597.54,40,24,0,441.3,0
R00762,Healthcare,106,2024-06,87202.25,63058.66,10,4,73621.05,930.19,0
R00763,Manufacturing,81,2024-09,88820.1,55248.1,50,25,0,957.64,0
R00764,IT Services,102,2024-03,74478.36,73724.01,22,25,9083.81,2206.73,1
R00765,IT Services,71,2024-03,64730.12,57517.25,42,27,46843.32,614.82,0
R00766,Healthcare,67,2025-03,56747.2,53198.97,33,29,48038.85,5125.59,0
R00767,Healthcare,37,2025-08,37519.89,35860.22,38,33,39091.39,5628.18,0
R00768,Retail,71,2024-10,46938.5,42077.58,34,20,54781.71,6578.77,1
R00769,Logistics,19,2025-07,28376.55,16862.05,52,0,89368.6,5780.85,0
R00770,IT Services,85,2024-09,62301.38,60347.21,42,47,27885.65,2475.84,1
R00771,Retail,31,2024-04,40889.64,43771.08,27,43,39780.93,10001.57,0
R00772,Healthcare,116,2025-03,79765.16,80654.61,52,48,32899.8,9551.26,0
R00773,Retail,118,2024-09,103230.51,71640.49,63,24,28550.5,8151.45,0
R00774,Manufacturing,89,2024-09,79701.0,77072.17,37,11,22526.2,0,0
R00775,Manufacturing,88,2025-06,90360.27,64646.45,47,27,5592.16,3738.34,0
R00776,Logistics,67,2024-10,66622.27,68973.42,21,42,68616.03,6398.19,0
R00777,Retail,12,2025-01,20680.46,14454.2,38,23,32293.66,0,0
R00778,Retail,21,2024-04,16008.01,12997.31,40,37,27113.33,14494.63,0
R00779,Hospitality,34,2025-08,48482.75,47400.29,10,21,33259.41,2104.45,0
R00780,Retail,67,2025-07,62036.27,44671.93,35,0,0,2725.14,0
R00781,Healthcare,58,2024-12,51359.15,39427.02,47,11,16627.17,10929.76,0
R00782,IT Services,54,2025-03,46897.23,44141.05,59,50,4511.28,2889.99,0
R00783,Healthcare,70,2025-01,55306.76,35870.14,31,5,7346.17,4874.75,1
R00784,Healthcare,12,2025-01,5176.34,5265.64,29,22,31386.36,3651.89,0
R00785,Hospitality,17,2025-01,11058.46,11273.92,20,32,16066.06,11087.28,0
R00786,IT Services,71,2024-11,79018.96,53720.97,38,25,36916.04,4796.79,1
R00787,Manufacturing,71,2024-11,62615.32,45236.41,36,20,41814.63,5071.48,0
R00788,Healthcare,51,2025-06,51702.49,38195.67,20,45,34917.82,0,0
R00789,Manufacturing,88,2024-06,74206.86,66007.46,28,37,0,5316.79,1
R00790,Retail,15,2024-10,15141.25,9210.82,12,29,64656.06,1847.05,0
R00791,Manufacturing,85,2025-03,60485.81,56749.34,34,34,72527.1,4709.59,0
R00792,Manufacturing,109,2025-08,87740.9,81669.3,49,0,32909.06,0,0
R00793,IT Services,3,2024-01,20901.71,18285.4,49,23,23545.93,3559.39,0
R00794,Retail,98,2025-04,83141.13,60103.0,63,3,26956.52,0,0
R00795,IT Services,93,2025-07,74036.46,77190.57,60,39,43351.33,4354.28,0
R00796,Hospitality,57,2025-06,54757.95,52256.74,24,12,50306.78,6836.31,0
R00797,Hospitality,4,2025-01,5565.72,3835.07,15,28,50929.87,3446.48,0
R00798,Manufacturing,11,2025-02,25806.36,18828.01,51,22,30556.65,1409.08,0
R00799,Manufacturing,14,2024-05,30438.6,25810.97,24,2,33887.87,9958.85,0
R00800,Healthcare,105,2025-05,87773.82,92604.19,41,16,42883.1,2312.96,0
R00801,Retail,77,2025-06,61447.63,57571.27,10,4,30515.78,1434.18,1
R00802,Hospitality,79,2025-04,63251.8,61778.73,25,0,17788.35,3391.67,0
R00803,Logistics,41,2024-07,48436.7,33833.24,38,52,42252.75,3248.15,1
R00804,Manufacturing,42,2024-03,32416.58,31146.7,37,38,35231.15,6736.3,0
R00805,Hospitality,106,2024-03,79424.74,56507.7,39,27,27856.89,3517.22,0
R00806,Hospitality,10,2025-07,20147.62,17760.04,14,56,26276.37,1855.48,0
R00807,Hospitality,59,2024-10,53945.78,36007.7,14,73,17612.04,3871.05,0
R00808,Hospitality,21,2025-02,22488.85,16958.81,28,52,37354.0,4462.44,0
R00809,Logistics,110,2025-08,83700.1,51318.12,34,0,22299.53,0,0
R00810,IT Services,56,2024-05,51910.11,32376.58,22,31,0,1548.45,0
R00811,Healthcare,95,2024-10,84424.98,81402.3,29,0,37031.2,1147.62,0
R00812,Hospitality,11,2024-02,15146.68,9140.78,64,33,66762.46,11201.97,0
R00813,Logistics,52,2025-05,44501.18,35012.86,45,46,73893.31,6139.31,1
R00814,Logistics,6,2024-01,7698.7,8257.78,26,64,76776.2,0,0
R00815,Manufacturing,50,2024-05,51399.77,46342.39,23,14,23762.9,8106.39,0
R00816,Logistics,106,2025-03,87493.05,52920.02,36,40,63956.46,3750.35,0
R00817,Hospitality,45,2024-11,49767.92,32873.3,32,43,13959.67,2939.4,0
R00818,Retail,73,2024-01,67210.64,60896.69,54,7,49962.55,4405.25,0
R00819,Healthcare,21,2024-03,24193.43,20597.22,50,38,76106.27,6077.25,0
R00820,Logistics,97,2024-07,73328.14,72278.05,42,8,61999.47,4761.54,0
R00821,Healthcare,24,2024-10,17014.65,10172.34,38,34,41231.86,4359.22,0
R00822,Manufacturing,77,2024-11,82741.32,85636.37,33,2,21258.64,2951.44,0
R00823,Retail,60,2024-11,51296.97,45813.23,15,26,19374.43,3436.74,1
R00824,IT Services,73,2024-05,69871.47,67685.73,23,27,12810.83,2645.86,0
R00825,Logistics,80,2024-09,80768.13,68466.25,71,57,43315.58,4199.74,1
R00826,Hospitality,102,2025-05,77676.44,54381.45,49,22,75173.35,6384.6,0
R00827,Retail,51,2025-06,45260.36,33860.7,10,30,13366.8,0,0
R00828,Healthcare,5,2024-05,4000,3068.42,26,23,0,3211.82,0
R00829,Manufacturing,60,2025-08,50252.98,50716.3,35,56,24105.68,1577.84,1
R00830,Logistics,15,2025-05,21422.02,15156.2,46,35,49189.85,5326.04,0
R00831,Retail,31,2025-06,31104.28,30819.13,40,35,0,0,1
R00832,Logistics,95,2025-07,68871.02,67645.85,40,36,74075.09,0,0
R00833,Hospitality,58,2024-04,52674.61,40016.93,45,20,20544.27,0,0
R00834,Healthcare,66,2024-06,50772.89,54379.28,70,66,45578.0,0,0
R00835,Logistics,35,2024-03,53464.87,48146.25,38,37,38761.87,0,0
R00836,Retail,71,2025-05,56547.14,39242.83,43,29,51596.66,7031.7,0
R00837,Healthcare,78,2025-06,41221.33,33971.87,41,19,0,9833.53,0
R00838,Hospitality,89,2025-06,60152.32,36032.39,53,0,30669.77,5021.23,0
R00839,Hospitality,93,2025-04,74262.18,69878.81,38,54,21115.54,6706.69,0
R00840,Hospitality,85,2024-01,64367.09,57336.86,15,5,34371.88,6.8,0
R00841,Healthcare,47,2024-07,40747.65,43499.84,43,10,60819.38,6419.25,0
R00842,Logistics,97,2025-06,80989.67,76930.06,50,28,13194.2,0,0
R00843,Retail,120,2024-09,93013.21,72046.02,38,13,38675.58,3360.45,0
R00844,Healthcare,83,2024-01,80707.1,84144.59,41,30,42679.13,2821.0,1
R00845,Hospitality,31,2024-03,28565.78,25750.51,35,44,36725.06,7991.55,0
R00846,Retail,112,2024-11,90376.22,71230.65,43,48,31187.82,0,0
R00847,Hospitality,30,2025-06,28290.12,27055.74,50,67,0,3724.44,0
R00848,Retail,21,2025-07,22589.02,19067.86,31,26,21245.09,5022.74,0
R00849,Manufacturing,116,2025-01,89955.51,90699.7,56,40,38094.49,4210.84,0
R00850,Healthcare,31,2025-06,26864.27,20264.95,33,49,8337.41,5171.11,0
R00851,Logistics,59,2024-09,54973.34,55696.22,48,31,51191.48,4318.34,1
R00852,Logistics,33,2024-11,36625.07,37295.82,65,64,31260.37,5562.93,0
R00853,Manufacturing,81,2024-09,72385.56,75532.16,52,42,68075.83,3014.76,1
R00854,Logistics,95,2025-05,81438.24,69073.81,53,30,30589.98,1192.89,0
R00855,IT Services,93,2024-03,80640.68,72406.02,49,48,0,8627.36,0
R00856,Hospitality,71,2024-10,64606.88,65494.69,62,11,43384.8,2458.69,1
R00857,Healthcare,100,2024-08,87980.23,54182.29,41,23,59025.29,3462.85,0
R00858,Hospitality,63,2024-10,63568.87,38739.35,48,15,9451.61,9850.44,0
R00859,Retail,83,2025-03,51804.12,33014.19,28,40,19504.31,9584.43,0
R00860,IT Services,120,2025-02,96172.48,67884.08,56,50,0,0,1
R00861,IT Services,49,2024-09,53093.4,49449.58,56,22,26283.78,10573.94,0
R00862,Hospitality,43,2024-12,40260.06,36590.15,36,46,54658.98,0,0
R00863,Manufacturing,5,2024-08,4000,4286.25,41,0,40731.48,3452.49,0
R00864,Logistics,66,2024-11,64869.94,41265.18,52,38,42981.45,3518.02,0
R00865,Retail,70,2024-06,61001.49,40618.26,42,28,5120.68,5416.55,0
R00866,Hospitality,54,2025-01,44467.56,33772.55,15,84,31320.39,6456.78,0
R00867,Logistics,53,2025-03,39773.61,25927.0,39,10,52091.74,2193.85,0
R00868,Logistics,106,2025-01,92696.04,66710.68,50,28,51837.26,0,0
R00869,Retail,38,2024-11,20810.46,21819.84,43,11,60233.86,4467.09,0
R00870,Logistics,40,2025-08,30402.86,19907.1,41,18,0,7487.12,0
R00871,IT Services,108,2024-08,85703.09,67255.47,31,20,36458.91,0,0
R00872,Manufacturing,26,2025-07,32493.28,31713.42,58,48,0,5030.19,0
R00873,IT Services,38,2025-01,39348.88,32394.77,26,27,29714.03,2395.63,0
R00874,Manufacturing,78,2024-08,72820.74,70808.91,31,30,10528.3,4978.94,1
R00875,Hospitality,76,2024-07,48532.75,46428.41,57,28,41622.23,0,0
R00876,Healthcare,84,2024-12,73366.97,70849.26,36,4,60082.37,5442.16,0
R00877,IT Services,113,2025-07,81795.51,50478.19,49,8,34401.04,4684.49,0
R00878,Healthcare,70,2025-08,57980.33,47466.71,43,57,40571.24,3946.29,0
R00879,Healthcare,62,2024-09,56288.8,57971.95,52,0,28658.12,9261.32,0
R00880,Healthcare,61,2024-04,53906.81,51686.44,40,3,0,0,0
R00881,Hospitality,52,2025-07,58033.49,59998.51,13,20,3552.88,7724.64,0
R00882,IT Services,53,2025-02,50212.47,42672.64,47,19,43820.21,0,0
R00883,Manufacturing,32,2024-01,25659.15,25961.92,27,37,47773.7,10934.51,0
R00884,Logistics,35,2024-02,35395.74,20689.69,31,24,44588.51,8068.39,0
R00885,Retail,15,2025-04,26441.48,17308.49,44,18,31525.15,6534.01,0
R00886,Logistics,64,2024-06,38327.06,38566.66,59,15,30586.38,0,0
R00887,Retail,50,2024-05,42587.13,33779.94,42,38,38668.44,1488.49,0
R00888,IT Services,24,2024-11,22308.45,23042.4,44,41,48830.71,0,0
R00889,Retail,14,2024-10,4000,3443.05,44,0,80086.78,5461.64,0
R00890,Healthcare,119,2025-05,90411.49,62311.26,43,16,35387.78,204.73,0
R00891,Logistics,36,2024-12,46671.86,29832.81,42,33,0,7051.52,0
R00892,Manufacturing,60,2024-02,57302.35,45968.08,46,20,40232.85,6790.25,0
R00893,Hospitality,89,2025-02,66933.43,54116.21,10,20,0,2195.32,0
R00894,Logistics,37,2024-09,40706.75,40871.45,28,38,72023.67,11573.53,0
R00895,Retail,118,2024-02,86059.49,86099.78,42,44,46933.06,0,0
R00896,Retail,6,2024-06,9862.53,10279.97,57,16,11831.85,3832.36,0
R00897,Manufacturing,23,2024-11,38213.57,26939.91,40,23,15403.76,6669.71,1
R00898,IT Services,26,2024-06,35388.86,23020.63,33,23,99037.88,2421.19,0
R00899,Manufacturing,84,2024-04,67415.89,68845.03,32,44,38297.89,9491.42,1
R00900,Retail,13,2025-03,17740.88,18131.42,24,20,34025.11,5644.44,0
R00901,Healthcare,102,2024-06,77330.28,68570.63,49,30,55045.36,0,0
R00902,Healthcare,55,2024-07,44493.03,29087.66,65,13,0,11766.24,1
R00903,Manufacturing,94,2025-05,84467.17,57289.18,31,36,35697.28,3241.17,0
R00904,Logistics,76,2025-06,70602.81,62903.86,18,35,0,0,0
R00905,Retail,17,2024-08,16277.63,15855.77,36,21,36454.66,2484.91,1
R00906,Logistics,87,2025-03,76210.2,60290.42,10,48,92474.8,6800.78,0
R00907,Retail,68,2024-11,50906.14,34345.95,72,48,55374.96,0,0
R00908,Logistics,27,2024-11,32524.75,34502.82,20,22,67756.06,6170.98,0
R00909,IT Services,30,2025-04,29649.02,19872.41,26,38,12533.19,6105.58,0
R00910,Hospitality,28,2024-06,27066.41,18838.51,10,24,34817.07,4958.63,0
R00911,Retail,86,2024-09,85499.23,67452.03,23,11,0,7844.81,0
R00912,Healthcare,101,2025-06,75402.41,48759.08,41,37,85613.92,3839.1,0
R00913,Hospitality,52,2024-10,41258.1,38293.95,50,13,0,2689.09,1
R00914,IT Services,112,2024-08,102362.44,67928.77,67,49,16904.77,4393.9,0
R00915,Hospitality,24,2024-09,24870.8,22235.37,32,56,66424.31,12370.92,0
R00916,Healthcare,31,2025-01,40066.54,26236.29,36,8,52606.72,2052.24,0
R00917,Manufacturing,17,2024-04,17990.38,13380.44,40,21,0,6922.29,0
R00918,Manufacturing,112,2024-09,93966.33,75593.46,26,28,0,8416.88,0
R00919,Manufacturing,17,2024-02,22966.61,17728.91,66,27,32509.25,7058.22,1
R00920,Logistics,119,2024-05,86631.83,93264.2,64,18,57369.78,7570.58,1
R00921,Logistics,21,2025-02,29458.52,30024.91,44,54,41791.84,3310.08,0
R00922,Manufacturing,5,2024-11,9203.39,7621.48,31,19,10992.95,5850.15,0
R00923,IT Services,18,2025-04,27080.72,17288.81,50,2,48066.85,7440.25,0
R00924,IT Services,82,2024-07,81082.69,76245.11,64,54,90961.76,5666.47,0
R00925,Hospitality,96,2025-05,77694.89,62200.55,19,0,58962.09,600.84,0
R00926,Hospitality,110,2024-04,66281.32,40277.57,55,26,46848.42,0,0
R00927,Healthcare,16,2025-06,36335.59,34876.14,45,32,58483.95,6405.11,0
R00928,Hospitality,90,2025-08,81128.1,60742.08,31,30,33657.82,5193.92,0
R00929,Hospitality,21,2024-09,14508.73,12184.91,21,38,35785.99,4483.9,0
R00930,Manufacturing,60,2024-11,65336.46,58149.51,26,58,29405.08,7085.06,0
R00931,IT Services,36,2025-07,16868.07,14849.12,30,55,0,10277.95,0
R00932,Logistics,9,2024-10,9385.7,6879.37,21,17,5229.26,2470.83,0
R00933,Retail,82,2025-07,62330.21,63886.5,23,31,0,995.97,0
R00934,Logistics,84,2025-08,74084.57,56518.7,33,43,27991.98,1332.92,0
R00935,Manufacturing,5,2024-08,11895.78,11487.59,39,16,38443.7,0,0
R00936,Retail,5,2024-12,7792.06,5153.64,29,22,76074.51,682.24,0
R00937,Logistics,21,2024-04,12877.27,9744.35,30,19,32193.63,4869.55,0
R00938,Logistics,103,2024-09,64443.61,44606.44,13,56,49400.27,6259.72,0
R00939,Healthcare,101,2024-04,67729.69,39871.71,10,28,9883.97,198.84,1
R00940,Logistics,14,2024-12,18986.21,18078.8,41,0,28972.73,6399.28,0
R00941,Retail,4,2025-04,15619.41,12242.78,49,52,51050.22,10677.81,1
R00942,Logistics,16,2024-11,27290.5,19196.16,15,31,50793.49,0,1
R00943,Healthcare,15,2024-06,15731.52,15327.42,17,39,36019.13,1459.34,1
R00944,Manufacturing,89,2025-02,74877.54,72955.89,52,28,48968.59,3339.24,0
R00945,Retail,93,2024-03,96423.7,65820.64,37,19,17814.76,88.15,0
R00946,IT Services,23,2025-02,29484.88,25948.01,38,35,70455.54,13397.82,0
R00947,Hospitality,61,2024-05,45549.19,35514.27,44,2,7106.19,0,0
R00948,Logistics,7,2025-07,13115.76,11336.01,31,26,12561.8,2804.1,1
R00949,IT Services,87,2024-02,61965.82,50568.18,25,32,34566.75,3170.82,0
R00950,IT Services,103,2025-03,76450.51,68357.6,51,51,39520.71,9214.71,0
R00951,Healthcare,71,2024-06,61988.96,65987.75,32,30,15951.91,2452.86,0
R00952,Healthcare,33,2024-10,34631.22,22533.8,38,39,8531.98,6109.83,0
R00953,Healthcare,94,2024-06,72080.1,59488.66,17,40,29294.26,7968.16,0
R00954,Logistics,80,2025-01,83019.8,55029.42,48,34,34149.27,3436.38,0
R00955,Retail,90,2024-12,69908.65,41249.32,30,1,61684.23,5894.43,0
R00956,IT Services,95,2025-07,87167.89,81167.47,21,10,39941.89,4634.39,0
R00957,Hospitality,15,2024-11,26547.32,23741.7,78,0,29394.07,5277.07,0
R00958,Retail,113,2024-10,99555.88,77251.78,53,37,27600.24,3216.84,0
R00959,IT Services,21,2024-10,22988.4,21297.91,52,12,46660.45,0,1
R00960,Healthcare,34,2024-01,42030.73,24937.64,35,9,17387.24,12069.55,0
R00961,IT Services,120,2025-01,89081.99,54864.31,58,33,71640.29,3129.32,0
R00962,Healthcare,104,2024-06,79829.66,75110.77,42,7,27675.68,0,0
R00963,Retail,117,2024-05,95300.3,70136.0,57,23,21046.43,0,0
R00964,Logistics,99,2025-03,79722.5,75579.9,65,66,59522.54,10191.49,0
R00965,IT Services,60,2025-06,43572.69,31515.45,25,62,32290.43,6484.19,0
R00966,Logistics,18,2025-02,24955.06,16688.8,23,32,37967.55,3354.39,0
R00967,Hospitality,63,2024-09,58148.61,43135.31,30,10,31814.97,8297.3,1
R00968,Healthcare,61,2025-06,51128.56,31552.24,52,21,22744.09,4861.61,0
R00969,IT Services,97,2025-05,73879.28,77200.62,45,41,38003.48,1553.72,1
R00970,Hospitality,56,2024-01,53737.25,54823.85,30,57,60033.8,3228.86,0
R00971,Retail,116,2024-07,94574.15,63984.32,15,67,88108.46,0,0
R00972,Hospitality,106,2024-12,96544.53,78791.16,10,4,14063.69,0,0
R00973,Manufacturing,86,2025-08,77368.7,82855.03,35,19,62902.12,0,0
R00974,Retail,49,2024-01,40997.87,26606.53,41,22,39829.73,1749.3,0
R00975,Hospitality,96,2025-07,72893.21,57127.39,48,12,55576.27,0,0
R00976,Manufacturing,84,2025-04,65462.58,69343.1,24,27,6674.94,2106.24,1
R00977,Healthcare,10,2024-06,17599.81,14985.33,45,0,75537.11,4106.34,0
R00978,Healthcare,70,2025-07,55653.78,56729.06,57,41,0,0,0
R00979,Logistics,87,2024-07,83377.11,68462.09,15,51,61128.1,6547.09,0
R00980,IT Services,52,2024-10,42156.84,41380.41,38,21,35925.23,6170.86,0
R00981,Logistics,39,2024-09,31062.55,28902.57,31,29,52315.57,26.67,0
R00982,Manufacturing,106,2025-01,80032.58,60071.23,18,45,42708.89,1393.2,0
R00983,IT Services,74,2025-02,51828.42,53902.17,12,13,21592.05,957.88,0
R00984,IT Services,6,2024-04,4872.12,4683.14,38,20,47813.28,1917.08,0
R00985,IT Services,113,2024-05,102045.84,83222.02,18,42,37133.96,1954.25,0
R00986,Logistics,118,2024-10,95945.85,79453.82,68,30,55282.05,151.2,0
R00987,Healthcare,53,2025-06,56328.34,55351.31,14,39,47297.13,0,0
R00988,Logistics,71,2024-01,67716.95,48295.88,44,10,29204.04,6668.4,0
R00989,Healthcare,88,2025-03,65491.37,41467.51,51,21,60379.63,0,0
R00990,IT Services,28,2024-05,14134.68,12105.78,59,38,28524.88,0,0
R00991,IT Services,70,2025-01,78651.56,48915.87,56,22,25010.88,3797.23,1
R00992,Hospitality,30,2025-07,24247.02,21274.72,60,43,38285.94,0,0
R00993,Retail,60,2025-04,45127.54,41841.11,50,1,73954.85,489.28,1
R00994,Logistics,48,2025-03,61087.22,65076.97,36,51,61513.19,6993.83,0
R00995,Retail,101,2025-02,78118.4,48708.39,28,9,37285.33,4606.46,0
R00996,Logistics,9,2025-02,30591.32,20073.48,46,29,3674.68,8320.54,0
R00997,Hospitality,82,2024-06,89307.39,59057.14,30,33,0,0,0
R00998,Logistics,106,2024-06,87035.72,85755.43,31,36,26202.49,3081.64,0
R00999,IT Services,41,2024-06,42882.29,45148.92,58,29,0,7891.97,0
R01000,IT Services,57,2024-01,53571.4,43357.08,80,25,5522.27,0,0
R01001,Retail,12,2025-01,26233.97,22338.6,64,57,22827.27,2961.36,0
R01002,IT Services,38,2024-12,29586.33,22879.44,31,28,59617.54,4252.55,0
R01003,Logistics,119,2024-11,101325.14,68911.72,51,43,39213.62,0,0
R01004,Manufacturing,82,2025-08,72000.98,48325.06,43,35,34462.44,1529.18,0
R01005,Hospitality,118,2024-10,86723.53,78124.98,41,25,47394.31,8025.97,0
R01006,IT Services,21,2024-01,27455.36,15941.62,20,48,0,329.6,0
R01007,Logistics,38,2024-04,41329.8,34818.9,24,0,42276.34,10853.28,0
R01008,Retail,105,2024-09,82627.8,68124.27,32,34,61519.9,1576.98,1
R01009,Healthcare,52,2024-04,43465.01,46503.67,21,14,48757.69,2765.84,0
R01010,Healthcare,55,2024-06,48866.46,44716.07,20,53,48738.32,4915.63,0
R01011,Hospitality,24,2024-01,26373.92,28230.75,29,39,9309.69,7478.53,1
R01012,IT Services,93,2025-06,67413.79,62632.45,59,31,22084.21,5247.05,0
R01013,Healthcare,27,2025-03,36896.53,22724.95,26,27,37685.44,0,1
R01014,Manufacturing,41,2024-04,25458.86,14963.47,37,4,68949.85,0,0
R01015,Hospitality,88,2024-08,90464.13,69504.55,33,32,26515.85,7408.01,1
R01016,IT Services,77,2024-03,63603.29,66655.79,37,26,86153.12,0,0
R01017,IT Services,8,2025-04,14426.21,9105.46,30,10,71690.84,0,0
R01018,Logistics,89,2024-07,51391.03,30677.69,30,3,30690.78,0,0
R01019,Retail,89,2025-08,76361.04,57332.4,40,10,33401.94,9763.99,0
R01020,Manufacturing,34,2024-06,22941.36,13418.53,70,65,61267.04,6019.45,0
R01021,Retail,64,2024-06,56517.03,48318.11,45,40,19443.14,0,1
R01022,Retail,68,2024-04,69788.88,54071.53,37,31,35473.6,11708.02,0
R01023,Manufacturing,89,2024-09,59894.27,52137.46,27,5,11913.13,4897.69,0
R01024,Manufacturing,104,2025-07,91948.3,92728.02,64,33,0,7033.65,1
R01025,Retail,83,2025-06,72341.19,43863.38,46,0,10689.76,1900.05,0
R01026,Hospitality,27,2024-06,21335.93,20361.92,25,21,61781.29,0,1
R01027,Retail,106,2025-05,91460.2,75118.37,42,24,57969.83,6836.54,0
R01028,Retail,84,2024-07,74072.37,44378.95,14,44,7503.37,4607.99,0
R01029,Healthcare,46,2024-12,44271.77,32471.66,58,34,24589.34,2070.22,0
R01030,Retail,62,2025-04,73992.24,45104.87,41,44,38260.1,0,0
R01031,Logistics,96,2025-08,87230.88,87321.19,69,27,20981.89,6505.82,0
R01032,Hospitality,71,2024-03,61330.9,58764.72,41,21,69096.2,0,0
R01033,Hospitality,86,2025-04,82767.87,55498.77,37,21,38872.04,0,0
R01034,Logistics,9,2024-07,15354.89,10065.67,38,20,40562.96,0,1
R01035,Logistics,4,2024-08,4000,2500,29,36,0,9051.87,0
R01036,Retail,71,2024-03,68579.17,67470.21,63,7,43628.39,0,1
R01037,Logistics,93,2025-04,86622.05,60192.88,24,15,36990.14,3617.3,0
R01038,Manufacturing,107,2024-05,98204.7,65776.7,22,34,49128.58,13420.92,0
R01039,Healthcare,112,2025-03,93117.05,72590.23,56,51,11104.69,10392.38,0
R01040,Logistics,81,2024-12,69389.52,55057.19,48,44,28878.72,3319.85,0
R01041,Retail,22,2024-08,12419.17,11974.34,60,23,29038.35,6423.5,0
R01042,Healthcare,18,2024-04,17471.68,17660.57,16,34,34940.22,9724.89,0
R01043,Healthcare,104,2025-05,80030.58,84250.3,32,22,20693.29,2903.31,0
R01044,IT Services,49,2024-04,50332.78,49146.52,40,26,21376.45,2595.67,0
R01045,Healthcare,3,2025-08,20605.97,14768.76,24,24,43740.69,0,0
R01046,Manufacturing,58,2024-09,43913.13,31780.33,50,3,10599.57,1217.98,1
R01047,Logistics,66,2024-08,73422.06,54721.33,10,56,21526.59,0,0
R01048,Healthcare,50,2024-04,41171.5,27788.21,35,49,48520.55,0,1
R01049,Hospitality,104,2024-03,82024.69,72491.78,42,0,17158.28,2450.93,0
R01050,Retail,56,2025-01,82059.62,70562.95,74,53,62603.67,0,0
R01051,Manufacturing,39,2025-07,26630.95,15697.51,22,41,40570.76,2606.88,0
R01052,Logistics,114,2024-01,97899.39,65632.08,38,10,43464.89,2540.05,0
R01053,IT Services,17,2025-03,13647.29,11447.32,40,93,18078.38,5034.62,1
R01054,IT Services,18,2024-07,28278.06,24877.47,62,38,77411.26,1521.32,0
R01055,Hospitality,91,2024-11,62722.21,51410.14,25,35,62731.69,205.1,0
R01056,Hospitality,88,2024-07,71618.61,63112.73,62,7,0,11086.09,0
R01057,Logistics,31,2024-08,44194.17,34658.66,49,0,4872.64,4114.57,0
R01058,IT Services,47,2025-04,49613.52,37606.27,22,38,19271.03,2693.28,0
R01059,Hospitality,104,2025-03,87633.31,60904.56,43,8,24197.79,6916.71,0
R01060,Healthcare,111,2024-07,98675.13,62715.1,23,45,27092.77,6348.28,0
R01061,Manufacturing,104,2024-12,62130.6,52219.3,10,40,36875.48,2508.98,0
R01062,Manufacturing,91,2024-05,85780.87,61177.75,39,27,0,9984.43,0
R01063,Healthcare,46,2025-06,44744.68,34831.2,57,32,83028.43,4055.56,1
R01064,Retail,65,2024-01,56047.44,37407.64,26,9,29398.23,0,0
R01065,IT Services,106,2024-02,81722.59,73826.46,52,0,49560.21,175.65,0
R01066,Healthcare,12,2025-02,7366.32,6280.06,19,38,48406.9,762.92,0
R01067,Logistics,89,2024-10,74342.14,58474.11,44,16,61003.79,3850.43,0
R01068,Logistics,8,2024-10,5649.98,4114.03,20,28,24290.11,5616.49,1
R01069,Hospitality,78,2024-08,59236.95,45844.04,42,49,97506.18,1234.37,0
R01070,Hospitality,57,2024-03,59236.57,46430.47,52,6,82078.12,385.26,1
R01071,Retail,66,2024-11,48518.34,52393.38,21,55,63955.19,5547.75,1
R01072,IT Services,12,2025-07,26896.17,15872.45,17,35,14523.58,8172.55,1
R01073,Healthcare,56,2025-03,43020.06,33060.62,17,29,86743.17,6373.19,0
R01074,Manufacturing,54,2024-11,50017.14,52747.66,13,23,48763.42,10533.91,0
R01075,Retail,67,2024-08,62704.03,49000.31,50,37,81230.04,0,0
R01076,Healthcare,96,2024-06,80985.62,47250.91,23,32,0,8222.77,0
R01077,Manufacturing,49,2024-01,44957.54,27125.52,62,34,43566.85,0,1
R01078,Retail,99,2025-06,80164.24,46651.43,56,40,53471.79,6889.02,0
R01079,Healthcare,66,2024-09,56739.19,41514.79,25,8,71660.38,138.68,0
R01080,Manufacturing,101,2024-08,75732.96,70063.31,27,12,37569.36,0,0
R01081,Manufacturing,50,2025-03,62802.72,47463.9,31,25,74293.97,7779.37,0
R01082,Logistics,100,2024-01,92682.2,96581.62,34,31,0,3643.11,0
R01083,Retail,76,2025-06,84127.19,75985.21,27,10,57347.46,1567.09,1
R01084,Logistics,103,2025-01,88169.53,89418.32,13,0,54407.45,4354.62,0
R01085,Healthcare,45,2025-07,31289.33,24196.55,47,9,61224.38,0,0
R01086,Manufacturing,108,2024-01,84506.7,68738.63,24,32,69929.63,0,1
R01087,IT Services,8,2025-02,29010.39,21581.65,36,29,39994.59,1280.44,0
R01088,Hospitality,24,2024-02,38196.93,33490.61,42,17,67375.31,7308.8,0
R01089,Logistics,78,2024-12,64339.22,43346.29,50,18,33542.84,17897.97,0
R01090,Hospitality,62,2024-07,47829.47,38635.73,28,27,64251.71,7559.68,0
R01091,Logistics,8,2025-04,11983.79,8840.34,21,38,44699.08,2517.63,0
R01092,Hospitality,68,2024-11,48429.85,50122.38,29,21,59385.62,0,0
R01093,Manufacturing,71,2024-08,58411.43,43177.19,49,11,9955.71,891.01,1
R01094,Logistics,56,2025-05,56594.02,59128.7,34,49,48765.88,5651.97,1
R01095,Manufacturing,40,2024-02,29447.95,17559.51,33,43,6995.62,6412.38,0
R01096,Healthcare,75,2024-02,60958.08,61771.26,31,35,39198.74,0,0
R01097,Manufacturing,15,2024-12,15354.37,9033.98,52,0,21294.54,4216.05,0
R01098,Hospitality,3,2025-04,18081.91,16160.18,57,12,57376.63,12047.4,0
R01099,Logistics,8,2024-08,25521.92,20852.84,10,22,0,0,0
R01100,IT Services,119,2024-12,91957.53,67719.47,20,54,36656.75,6848.75,1
R01101,Hospitality,49,2025-02,43973.32,26667.35,57,37,27104.93,6577.29,0
R01102,Manufacturing,76,2024-10,60997.76,42839.86,26,23,41301.06,4728.95,1
R01103,Manufacturing,99,2025-07,79892.28,71374.8,37,51,23121.7,0,1
R01104,IT Services,30,2025-01,36293.06,21423.71,10,44,48532.54,1429.95,0
R01105,Manufacturing,113,2024-07,106733.12,88213.61,47,62,24331.6,0,0
R01106,Retail,56,2024-05,46822.85,50560.98,42,16,7802.97,0,0
R01107,Healthcare,90,2025-06,77989.0,50082.97,41,1,0,4076.88,0
R01108,Logistics,6,2024-04,22705.69,23252.79,63,18,41228.22,0,0
R01109,Logistics,112,2025-05,83763.02,81037.83,31,25,36034.6,10985.31,0
R01110,Hospitality,41,2025-06,30624.33,32016.84,55,0,29362.53,3468.96,0
R01111,Hospitality,11,2025-08,10864.71,10584.89,23,23,30508.12,4999.28,0
R01112,Manufacturing,32,2024-08,26094.84,18780.52,57,23,7857.45,2319.18,0
R01113,Hospitality,78,2024-12,63958.97,52674.88,49,56,30096.3,11295.84,0
R01114,Hospitality,69,2024-01,61075.86,44014.95,11,46,49862.83,3627.96,0
R01115,Logistics,17,2024-12,31270.5,24072.43,27,0,23339.72,0,0
R01116,IT Services,44,2025-01,51337.19,47477.63,35,32,59855.4,6173.94,0
R01117,Manufacturing,114,2024-03,97944.98,95561.83,44,37,50676.26,0,0
R01118,Logistics,14,2024-04,23890.87,14046.29,60,34,55887.25,11146.08,0
R01119,Manufacturing,28,2024-05,40797.11,33383.56,28,62,0,0,0
R01120,Hospitality,65,2025-03,44871.56,33626.2,42,47,36451.61,0,1
R01121,Logistics,25,2025-08,35983.33,27795.36,38,44,17665.01,5818.78,0
R01122,Hospitality,12,2024-01,15371.13,13662.23,68,33,36004.46,0,1
R01123,Healthcare,119,2025-07,101301.61,81509.47,11,24,39037.43,16367.39,0
R01124,Manufacturing,50,2025-05,38905.74,41560.03,21,31,31755.64,4941.29,0
R01125,Healthcare,39,2025-08,41971.04,39761.57,55,48,34271.83,4924.04,1
R01126,Healthcare,35,2024-03,4000,2500,38,13,54529.51,0,0
R01127,Healthcare,28,2025-07,25025.87,15392.08,42,0,66998.83,3396.96,0
R01128,IT Services,79,2025-08,53902.11,48602.49,28,14,37683.51,8515.52,0
R01129,Retail,42,2025-08,46652.36,48409.18,46,14,61621.12,3516.85,1
R01130,Logistics,69,2025-06,75032.25,61398.72,45,67,45135.11,6058.41,1
R01131,IT Services,49,2024-07,44713.63,32465.86,20,2,46859.04,1292.09,0
R01132,Hospitality,106,2024-04,106933.55,97249.81,25,41,0,0,0
R01133,Logistics,13,2024-12,39613.52,30350.6,42,42,2376.0,9246.34,1
R01134,Retail,72,2025-05,60315.16,51043.0,47,44,65400.01,2082.25,0
R01135,Hospitality,87,2024-11,68002.46,44478.5,35,35,30839.23,3135.14,0
R01136,Logistics,95,2024-04,91194.09,64953.83,33,14,19381.6,3959.9,0
R01137,Retail,10,2025-05,22463.01,24190.57,12,8,0,2736.11,0
R01138,Manufacturing,15,2024-09,22197.75,16121.51,32,71,11099.43,4808.97,0
R01139,IT Services,109,2024-11,90712.13,58166.97,10,56,19745.73,3735.19,1
R01140,Manufacturing,92,2025-07,89804.11,96278.27,48,11,14945.0,7061.74,0
R01141,Logistics,12,2025-01,4000,4256.64,56,31,13709.2,2073.41,0
R01142,IT Services,35,2024-06,30732.63,20193.97,40,8,56223.16,0,1
R01143,Logistics,115,2025-01,110473.47,71007.54,33,59,25100.98,4225.81,0
R01144,Retail,93,2024-11,70067.49,68870.97,50,35,23655.84,11157.56,0
R01145,Hospitality,37,2024-01,37069.83,27527.16,36,32,73660.5,5238.26,0
R01146,Healthcare,102,2025-08,71969.76,77114.85,17,33,22065.37,0,0
R01147,Retail,62,2025-05,41056.8,32557.11,23,25,0,3316.8,0
R01148,IT Services,61,2025-04,57948.04,48656.7,54,37,32818.21,8950.43,0
R01149,Logistics,11,2024-11,9231.59,7533.54,45,18,8828.84,0,0
R01150,Hospitality,18,2025-05,25951.8,24543.57,35,26,109485.48,0,0
R01151,Manufacturing,49,2024-01,37316.93,22769.96,41,39,19122.97,12180.87,1
R01152,IT Services,54,2025-04,38393.14,32138.8,26,19,58988.19,6519.99,1
R01153,IT Services,111,2025-03,85387.92,71355.4,36,57,49186.56,5549.68,0
R01154,Retail,50,2024-07,50095.3,40527.71,70,54,17083.8,1384.38,1
R01155,IT Services,100,2024-04,80385.29,74210.14,10,4,22790.33,3804.44,0
R01156,Logistics,31,2024-10,22558.56,22255.92,24,9,31949.3,3754.88,1
R01157,Logistics,47,2025-08,47878.84,45301.46,42,60,0,5498.28,0
R01158,Retail,89,2024-09,84427.71,89320.3,58,34,66754.52,0,0
R01159,Logistics,3,2024-12,4000,4073.4,24,26,9928.32,12464.3,0
R01160,Hospitality,28,2025-03,16019.06,12832.74,54,58,30119.18,0,0
R01161,Manufacturing,19,2025-07,17735.62,18898.46,42,9,46014.89,12114.44,0
R01162,Healthcare,66,2024-02,54041.93,37123.87,56,30,21346.98,0,0
R01163,Retail,67,2024-09,59473.18,34612.9,19,0,60993.78,0,0
R01164,Logistics,77,2024-03,61525.46,56883.43,17,29,60215.79,8405.52,0
R01165,IT Services,57,2024-05,65981.87,45270.84,21,20,7599.88,4126.59,0
R01166,IT Services,3,2025-07,9347.28,6200.05,34,0,21323.9,2046.06,0
R01167,Healthcare,120,2024-10,104895.02,101070.1,25,46,25692.83,4651.9,0
R01168,Hospitality,90,2024-05,76326.64,50867.47,37,41,92454.31,6087.92,0
R01169,Manufacturing,15,2024-09,25451.14,19902.31,40,19,19582.51,8851.98,0
R01170,Logistics,21,2024-02,26383.49,21857.54,44,7,72252.33,8621.93,0
R01171,Manufacturing,33,2024-10,33708.57,34967.04,28,54,62291.44,4305.02,0
R01172,Logistics,47,2025-06,30613.53,18137.14,52,10,65387.69,72.36,0
R01173,Manufacturing,106,2025-02,84781.79,91533.14,20,65,69792.94,1926.98,0
R01174,Manufacturing,86,2024-06,83695.61,66928.96,30,24,50640.76,10401.32,0
R01175,Manufacturing,107,2024-05,84371.73,60691.11,50,0,48232.29,10365.95,0
R01176,IT Services,52,2025-02,46656.0,35501.01,47,7,51794.03,0,0
R01177,Manufacturing,104,2024-04,90420.8,68039.68,43,44,47793.36,5013.23,0
R01178,Logistics,109,2025-01,90724.61,77776.43,52,38,20509.0,3765.33,1
R01179,Retail,81,2025-01,60254.56,47260.77,18,35,56184.67,2621.96,1
R01180,Hospitality,27,2025-07,33879.99,20826.58,28,58,46056.9,1825.77,0
R01181,Logistics,48,2025-01,43471.56,25305.36,10,17,56316.68,0,0
R01182,Hospitality,98,2025-04,79760.78,51182.73,47,22,19730.56,19664.95,0
R01183,Hospitality,89,2025-03,77569.93,66539.82,57,8,36477.49,6391.08,1
R01184,IT Services,39,2024-07,39340.28,41132.2,36,7,26536.23,2169.11,0
R01185,Retail,39,2024-08,31628.27,19515.14,10,32,43291.64,2107.54,0
R01186,Logistics,58,2024-08,61384.61,55969.17,48,6,36561.22,2433.3,1
R01187,Manufacturing,111,2025-07,86142.32,54895.44,35,27,0,6250.38,0
R01188,Manufacturing,20,2024-02,31164.1,20072.82,56,47,47129.92,0,0
R01189,Manufacturing,104,2024-12,103263.15,106655.1,44,23,13191.89,4167.53,0
R01190,Retail,57,2024-05,54589.54,40061.79,48,21,0,3978.14,1
R01191,Manufacturing,96,2025-08,87795.34,61500.88,31,47,23715.1,0,0
R01192,IT Services,62,2025-03,45119.96,33286.01,26,37,28325.91,9489.71,0
R01193,Healthcare,105,2024-09,86337.74,54080.91,59,21,62124.31,0,0
R01194,Healthcare,119,2024-12,104675.74,61345.2,52,55,48302.83,7008.23,0
R01195,Retail,28,2024-10,23548.45,16998.38,10,55,34535.37,5576.8,1
R01196,Logistics,76,2025-06,70714.43,59177.09,30,50,46213.93,0,0
R01197,IT Services,27,2024-12,25097.66,18231.28,41,14,24647.44,191.08,0
R01198,Manufacturing,29,2024-03,20098.07,17881.7,35,25,3480.73,15395.53,0
R01199,Manufacturing,5,2024-12,4000,2500,33,41,22526.45,0,0
R01200,Hospitality,17,2024-05,4000,2738.97,27,34,61148.01,7951.42,0
R01201,Healthcare,91,2024-04,81768.45,70359.23,17,26,34115.34,5875.42,0
R01202,Hospitality,49,2024-09,59602.1,44609.23,20,17,57182.35,0,0
R01203,Retail,11,2024-04,8696.28,6928.22,28,7,79732.97,4702.86,1
R01204,Hospitality,85,2025-06,87798.12,71572.81,47,28,52460.36,3933.98,0
R01205,Healthcare,28,2025-02,14323.41,10223.44,58,41,1576.11,7289.6,0
R01206,Manufacturing,46,2025-02,50670.49,31244.9,62,0,41297.22,4117.98,0
R01207,Manufacturing,73,2024-12,57119.69,36428.24,39,7,36096.43,5028.87,0
R01208,Hospitality,8,2024-04,21723.13,21992.81,24,47,0,0,0
R01209,Healthcare,22,2025-01,36523.44,35948.67,58,53,52337.34,5454.96,1
R01210,Hospitality,51,2024-03,40243.54,37368.92,54,45,87519.48,472.67,0
R01211,Retail,45,2024-05,42791.99,43221.07,51,45,37144.64,12661.82,0
R01212,Hospitality,4,2025-08,21135.12,15885.26,51,26,17680.43,1763.85,0
R01213,Healthcare,28,2024-08,26133.08,21423.02,41,0,29661.97,4716.07,0
R01214,IT Services,57,2024-12,46045.95,47623.09,33,63,18336.02,7292.39,0
R01215,IT Services,52,2024-03,43647.79,46236.14,45,25,74185.92,0,0
R01216,Retail,21,2025-04,23297.02,15827.1,53,27,2365.85,2180.83,0
R01217,IT Services,106,2024-08,91347.7,80220.97,62,18,36473.13,2994.58,0
R01218,Healthcare,52,2024-06,60637.61,48088.02,32,30,70648.77,0,0
R01219,Manufacturing,91,2024-07,69518.71,59258.48,37,13,40258.43,9617.69,0
R01220,Hospitality,111,2025-03,93185.29,87158.43,16,7,47099.68,8816.12,0
R01221,Healthcare,24,2025-08,11155.49,7301.79,37,38,0,6044.22,0
R01222,IT Services,100,2024-01,88746.45,87320.98,44,28,9771.64,1288.16,0
R01223,Manufacturing,52,2024-10,46304.29,32407.1,45,0,35179.34,7739.96,0
R01224,Hospitality,19,2025-07,36874.95,25661.07,36,32,15105.67,1883.14,0
R01225,Healthcare,105,2024-05,89614.09,93933.07,68,24,31149.88,173.15,1
R01226,Healthcare,32,2025-04,14642.45,13033.14,21,14,0,4294.34,0
R01227,Healthcare,38,2025-06,32258.0,24514.42,48,22,0,5926.51,1
R01228,Manufacturing,55,2025-05,49797.96,41441.61,45,12,48235.34,8540.08,0
R01229,IT Services,17,2025-04,23130.25,20825.82,29,14,96360.97,1159.05,0
R01230,Manufacturing,18,2024-04,38160.25,32931.6,35,3,46665.12,2314.97,0
R01231,Manufacturing,109,2024-02,88248.45,64872.11,23,17,39778.1,7624.4,0
R01232,Retail,96,2025-07,86410.76,83533.9,44,9,24980.94,0,0
R01233,Healthcare,103,2024-06,77969.77,50803.84,51,5,32727.51,774.89,0
R01234,Retail,59,2024-06,42360.49,45175.0,26,11,57337.86,3775.4,0
R01235,Healthcare,72,2024-10,70261.74,53840.61,22,41,63943.33,652.49,0
R01236,Logistics,106,2024-07,78384.9,62847.72,27,41,32401.41,0,0
R01237,Manufacturing,103,2024-01,85578.69,69263.75,35,25,19805.32,792.41,0
R01238,Manufacturing,51,2025-05,47588.54,46306.49,49,54,70788.94,10836.99,1
R01239,Healthcare,18,2025-02,26120.9,27260.28,10,14,16069.87,9591.61,1
R01240,Hospitality,84,2024-08,69859.97,46876.98,38,38,57322.07,3833.81,0
R01241,Manufacturing,108,2024-06,90169.04,87918.94,17,3,20197.97,0,0
R01242,Logistics,111,2024-10,90375.19,60076.92,48,44,38478.23,222.78,0
R01243,Healthcare,48,2025-03,36661.07,27025.55,33,25,48726.58,6651.4,0
R01244,Healthcare,25,2025-07,28529.46,28531.27,53,10,46153.27,7901.22,0
R01245,Hospitality,54,2024-07,42058.28,32091.78,42,36,21814.09,9259.39,0
R01246,Manufacturing,9,2025-04,17024.22,9904.06,45,31,73621.7,1856.64,0
R01247,Healthcare,104,2025-02,81654.67,83446.17,42,22,25247.59,4417.43,0
R01248,IT Services,84,2024-02,67281.21,67529.31,10,33,33881.29,0,0
R01249,Logistics,33,2025-03,28873.11,22422.47,30,48,27064.67,2260.44,0
R01250,Retail,108,2025-06,86394.48,55144.05,10,39,31964.45,14538.45,0
R01251,IT Services,83,2024-09,62587.78,46495.42,34,36,61567.63,0,0
R01252,Logistics,116,2024-06,97827.17,77151.95,71,30,69379.98,7083.81,0
R01253,IT Services,105,2024-09,84636.5,59059.51,38,34,40399.3,0,0
R01254,Manufacturing,46,2024-02,35428.45,20815.89,42,27,9932.4,3691.82,0
R01255,Retail,105,2024-11,96691.32,104163.53,35,10,7043.3,3493.75,0
R01256,IT Services,111,2025-06,98600.24,98915.66,31,19,59630.14,0,0
R01257,Hospitality,106,2025-08,85038.42,54150.23,29,19,31168.4,11480.55,0
R01258,Retail,47,2024-12,34555.76,23335.01,54,36,10217.44,0,0
R01259,IT Services,105,2024-01,99782.18,106766.3,62,32,55530.66,4071.86,0
R01260,IT Services,90,2025-01,58649.51,57406.52,32,28,34131.17,0,0
R01261,Retail,106,2025-02,74602.08,64182.91,43,56,50348.11,0,0
R01262,Healthcare,40,2024-04,47063.01,27954.89,55,40,51978.13,9549.67,1
R01263,Hospitality,87,2024-11,71260.53,57519.25,51,39,37049.68,0,0
R01264,Manufacturing,31,2024-06,30072.87,18964.8,42,37,32076.31,5092.78,0
R01265,IT Services,22,2025-06,20955.06,12853.01,63,34,30942.2,9056.09,1
R01266,IT Services,75,2024-08,52656.83,34049.08,45,12,27832.26,0,0
R01267,IT Services,71,2025-08,67749.47,61313.85,78,4,6775.91,0,0
R01268,Hospitality,37,2024-03,33114.2,24588.01,20,42,33834.03,4448.97,0
R01269,Manufacturing,82,2025-08,61269.22,53602.85,53,23,44829.99,6288.94,0
R01270,Logistics,35,2024-09,32810.94,29149.09,62,28,14743.13,1686.36,0
R01271,Manufacturing,35,2025-01,22436.51,21260.32,24,42,69869.35,10736.59,0
R01272,Retail,108,2024-03,94941.61,70724.72,30,3,28807.3,717.14,0
R01273,Logistics,67,2024-04,58254.17,51733.52,55,47,46780.83,5090.34,0
R01274,Logistics,91,2024-09,57597.11,52067.04,42,49,40470.22,3876.43,0
R01275,Hospitality,38,2024-03,34292.71,25306.74,27,50,6093.0,4333.2,0
R01276,Logistics,108,2024-09,84972.05,87962.21,61,38,5265.69,12872.51,1
R01277,Manufacturing,49,2024-03,42748.64,27612.55,15,9,67085.6,1466.03,0
R01278,Logistics,41,2025-06,35053.69,34449.55,54,60,35425.35,3005.5,0
R01279,Hospitality,98,2024-06,57413.65,46834.55,33,1,53810.69,5610.61,0
R01280,Retail,25,2024-09,30896.01,25752.95,20,67,50066.41,0,0
R01281,Healthcare,75,2024-03,65102.49,55940.74,52,23,0,501.82,0
R01282,Retail,78,2024-01,66743.46,61246.0,35,24,9350.13,4645.21,0
R01283,Hospitality,104,2024-11,94207.99,87158.9,65,34,59761.54,0,0
R01284,Healthcare,72,2024-01,47026.3,34650.99,33,12,53285.93,4561.71,0
R01285,Logistics,66,2025-06,55951.64,56817.93,68,15,37911.99,0,0
R01286,IT Services,13,2024-02,21020.18,13285.81,47,26,36641.83,0,1
R01287,Retail,44,2024-09,33275.63,34616.0,15,45,16350.56,0,0
R01288,Healthcare,21,2024-08,13585.59,10383.1,26,0,3325.99,6966.13,0
R01289,Healthcare,19,2025-04,32349.2,28266.24,10,0,69724.02,10036.46,0
R01290,Hospitality,30,2024-04,23371.72,24690.63,47,0,36458.95,4046.09,0
R01291,Healthcare,54,2024-06,57362.51,56680.92,17,32,21162.0,0,0
R01292,Logistics,64,2024-11,68738.51,47733.83,49,48,75667.49,5948.94,1
R01293,Logistics,97,2024-11,77840.48,77213.47,26,10,10259.87,7392.17,0
R01294,Healthcare,67,2024-08,55708.27,59375.4,13,4,44118.56,2827.64,1
R01295,Manufacturing,27,2025-02,26184.09,19079.59,10,48,53378.36,6796.59,0
R01296,Manufacturing,35,2024-10,34040.6,34551.45,38,13,19051.82,4776.22,0
R01297,Retail,118,2025-04,113633.55,71119.52,60,23,0,3065.56,0
R01298,Manufacturing,10,2024-05,4000,2500,42,47,100391.41,4226.61,0
R01299,Healthcare,17,2025-06,34017.8,26970.78,64,40,17850.59,0,0
R01300,Healthcare,101,2025-04,93287.02,69310.65,37,26,55777.66,7242.11,0
R01301,Logistics,9,2025-03,4047.69,2500,38,33,17091.07,7884.82,0
R01302,IT Services,114,2024-08,90389.82,73303.12,56,55,0,9560.13,0
R01303,Retail,38,2025-05,22659.95,19057.78,16,46,28696.48,9801.04,0
R01304,Retail,50,2025-02,51088.48,49776.19,33,40,53153.23,4534.46,0
R01305,IT Services,117,2024-03,78412.59,52086.7,39,42,51563.72,865.24,0
R01306,Healthcare,64,2025-04,33995.26,21800.97,34,31,10499.99,281.81,0
R01307,Hospitality,20,2024-05,46565.51,44977.09,10,27,69864.4,1615.25,1
R01308,Hospitality,88,2024-01,80405.08,59746.83,56,40,19621.38,4880.04,0
R01309,Retail,110,2024-11,103754.35,110016.71,44,55,2153.15,9389.65,0
R01310,Retail,34,2025-06,31758.95,33548.03,25,8,33663.93,2501.91,0
R01311,Healthcare,66,2024-03,55600.01,40091.15,29,24,59916.35,10196.76,1
R01312,Hospitality,76,2025-07,74435.49,56107.9,32,27,14072.25,6887.43,0
R01313,Retail,92,2025-06,69307.42,74763.81,35,58,32633.12,2745.31,1
R01314,IT Services,64,2024-03,57604.01,49513.06,67,0,43004.53,0,0
R01315,Logistics,25,2024-03,22825.73,21888.57,50,12,2818.42,11210.02,0
R01316,Healthcare,19,2025-08,5831.81,4290.88,27,53,43993.19,3751.98,0
R01317,Logistics,33,2025-07,34311.84,27701.03,28,55,38919.34,6195.09,1
R01318,Manufacturing,59,2025-02,53844.5,47439.06,53,24,8837.48,4224.44,0
R01319,IT Services,97,2024-05,79938.94,83005.16,10,25,31063.9,0,1
R01320,Healthcare,101,2024-03,79599.52,59600.4,65,26,43293.68,7157.8,0
R01321,Hospitality,27,2024-12,49482.61,51823.31,34,0,31068.06,2889.68,0
R01322,Retail,44,2024-09,48891.24,35454.77,55,6,40312.19,448.75,0
R01323,Hospitality,14,2024-07,30248.19,28681.52,22,50,74673.81,0,1
R01324,Retail,86,2024-08,70832.03,48645.98,34,34,75990.81,0,1
R01325,Retail,66,2024-07,61412.83,65873.61,47,37,11393.65,2431.46,1
R01326,Retail,97,2025-05,77971.41,79096.65,37,16,43506.49,2178.32,1
R01327,Retail,77,2025-08,77274.23,53166.26,42,25,6647.46,314.8,0
R01328,IT Services,86,2024-01,69335.3,68747.94,49,58,8211.98,0,0
R01329,Retail,23,2025-06,40318.21,41598.65,42,41,60377.16,0,0
R01330,IT Services,18,2024-06,10408.49,7421.08,42,43,78565.75,2843.04,0
R01331,Healthcare,72,2025-07,62250.75,51838.97,77,12,26478.33,0,0
R01332,Manufacturing,58,2024-09,44168.05,36664.9,19,34,21341.54,1817.09,0
R01333,Healthcare,23,2025-07,37079.5,38841.13,28,0,22116.93,2364.84,0
R01334,Manufacturing,26,2024-05,20445.38,18875.08,10,34,0,0,0
R01335,Logistics,104,2025-06,88450.78,90954.25,30,25,66620.22,6707.29,0
R01336,Logistics,102,2025-01,86254.2,86683.72,43,45,15302.22,0,1
R01337,Manufacturing,48,2024-11,44801.26,41153.07,23,26,23796.39,6191.94,0
R01338,IT Services,38,2024-07,38756.02,28764.01,20,39,46548.66,1061.09,0
R01339,IT Services,30,2025-02,29594.78,18026.27,63,24,26901.2,0,0
R01340,Logistics,106,2024-02,91614.28,57115.87,35,13,14404.31,5000.84,0
R01341,Retail,70,2024-06,54893.88,51387.05,12,22,36399.63,5156.17,0
R01342,Manufacturing,24,2025-05,27201.71,24735.93,45,13,51963.77,0,1
R01343,Hospitality,45,2025-02,45129.82,46218.98,31,0,12463.4,0,0
R01344,Healthcare,5,2025-01,20972.09,20572.49,36,49,64505.39,2449.56,0
R01345,Healthcare,95,2024-07,80113.75,66323.92,19,14,70713.21,0,1
R01346,Hospitality,104,2024-02,89956.51,71678.76,38,25,62812.76,4210.55,0
R01347,Hospitality,31,2024-07,10450.66,9718.43,58,29,8245.21,2245.68,0
R01348,Retail,41,2024-07,48287.2,50534.55,16,16,55569.02,4352.62,0
R01349,Hospitality,29,2025-04,38034.95,36800.58,79,72,0,2707.06,0
R01350,Healthcare,92,2024-09,51545.26,37337.45,62,18,89962.78,10155.96,0
R01351,Hospitality,5,2025-01,12492.36,8021.46,23,24,23954.72,2744.53,0
R01352,Healthcare,29,2024-11,12392.23,12781.63,40,35,0,6825.7,0
R01353,Retail,63,2024-03,41707.74,30057.12,43,30,39740.72,4283.52,0
R01354,Retail,69,2025-05,55650.98,43950.71,45,20,43791.0,5775.49,0
R01355,Hospitality,72,2025-03,71734.03,70676.7,50,15,41815.68,1314.07,0
R01356,Logistics,13,2024-09,16660.85,15050.83,66,19,66010.87,0,0
R01357,Hospitality,70,2024-12,65919.53,63421.06,56,0,42678.19,1990.52,0
R01358,Manufacturing,60,2024-09,68904.91,65245.05,14,22,1395.52,1852.37,0
R01359,Manufacturing,63,2025-03,72007.55,52045.47,32,12,40046.63,173.79,0
R01360,Hospitality,79,2024-08,52329.95,54511.6,56,47,47565.71,0,0
R01361,Hospitality,27,2025-03,18666.05,17207.29,47,25,13745.07,1974.02,1
R01362,Manufacturing,34,2024-11,49457.62,43253.38,24,17,33541.6,2131.78,0
R01363,Retail,120,2025-01,108776.72,85589.16,34,30,53623.07,5514.76,0
R01364,Logistics,34,2024-10,40500.68,26074.26,21,27,37701.89,0,0
R01365,Logistics,7,2025-05,17293.25,10616.65,28,72,36397.39,659.39,0
R01366,IT Services,45,2025-03,30914.93,25027.34,37,21,654.58,0,0
R01367,Healthcare,76,2025-04,68340.24,64946.25,59,5,36232.67,7114.33,0
R01368,Logistics,77,2024-06,62286.34,52290.88,69,37,0,3558.59,0
R01369,Retail,107,2024-04,101380.46,95750.06,41,14,33727.35,6320.41,1
R01370,Manufacturing,118,2024-05,95467.45,91512.27,32,33,74553.1,3254.59,1
R01371,Healthcare,94,2024-06,87087.96,84273.76,35,0,40583.13,7142.06,0
R01372,Logistics,21,2025-05,19606.24,20543.97,51,19,11967.03,7869.71,0
R01373,IT Services,109,2024-10,84097.63,72146.57,23,29,31880.2,5097.77,0
R01374,Hospitality,26,2025-03,19860.34,11592.28,75,69,33456.77,0,0
R01375,Retail,113,2024-08,116150.57,117574.34,32,36,19177.37,45.81,1
R01376,Manufacturing,119,2024-02,85435.29,80330.28,45,19,33020.22,5602.87,0
R01377,IT Services,103,2024-11,84384.06,74550.1,18,9,48562.42,0,0
R01378,Logistics,110,2025-06,87087.64,91428.38,43,37,24876.25,3182.12,0
R01379,Healthcare,84,2024-03,78304.42,45631.87,32,36,27995.84,1791.12,0
R01380,Logistics,33,2024-10,32810.59,31854.43,37,16,0,976.63,1
R01381,Retail,4,2025-03,4117.82,4417.47,28,47,70752.4,0,0
R01382,Logistics,83,2024-05,63747.69,55675.07,65,85,35432.32,1751.06,0
R01383,Retail,87,2025-05,86205.41,61523.29,62,33,3676.33,4188.37,0
R01384,IT Services,50,2024-09,57932.71,42805.02,40,22,46224.24,5006.24,0
R01385,Hospitality,15,2025-07,16198.3,16592.99,44,16,34115.96,2251.66,0
R01386,Retail,50,2024-07,51738.31,31605.22,50,30,48403.59,9939.61,0
R01387,Hospitality,75,2025-04,52219.11,54473.65,27,0,21281.85,7974.32,0
R01388,IT Services,32,2024-03,15732.19,11617.79,42,35,28363.86,13493.35,0
R01389,IT Services,9,2025-05,13368.18,13253.8,32,16,26704.08,4240.25,0
R01390,Manufacturing,85,2024-08,74824.4,54516.16,33,18,70701.98,0,0
R01391,Logistics,84,2025-06,68962.56,62500.21,46,11,5697.4,9401.2,0
R01392,Retail,114,2024-04,105854.21,65983.76,36,30,69650.44,8112.22,0
R01393,Retail,47,2024-10,39902.9,37740.5,74,38,1146.03,4817.84,0
R01394,IT Services,89,2024-05,74738.37,79898.22,46,7,44754.82,0,0
R01395,Healthcare,85,2025-07,62812.18,55782.08,22,32,48848.28,0,0
R01396,Healthcare,29,2024-11,30064.31,26605.43,70,66,33405.73,681.03,0
R01397,Hospitality,51,2025-03,38125.88,30964.27,58,20,0,0,1
R01398,Manufacturing,107,2025-07,98048.04,96462.25,49,18,34381.0,3872.12,0
R01399,Healthcare,60,2024-07,63971.91,45038.5,59,27,14348.29,0,1
R01400,Retail,5,2025-07,4520.34,3516.91,21,38,5072.7,3975.17,0
R01401,Retail,26,2024-09,43207.56,40434.58,28,37,31229.24,1079.5,0
R01402,Manufacturing,4,2024-02,4000,2603.05,39,8,0,11062.16,0
R01403,IT Services,15,2024-01,15215.53,13788.9,54,44,72039.57,2833.84,0
R01404,IT Services,40,2024-02,42436.81,31664.8,25,8,45122.53,7449.6,1
R01405,Logistics,46,2025-05,37542.93,33273.81,24,20,37614.64,0,0
R01406,Hospitality,15,2024-01,20461.91,15076.51,39,42,52148.83,2966.62,0
R01407,Retail,81,2025-05,62644.27,50544.69,26,16,34012.85,12367.31,0
R01408,Hospitality,46,2024-09,59629.4,55085.35,53,32,33174.45,9202.7,1
R01409,Manufacturing,35,2024-08,44834.25,34032.72,45,12,61053.61,0,0
R01410,Healthcare,102,2024-10,93460.29,82511.82,36,31,55081.65,2726.41,0
R01411,Manufacturing,113,2024-09,110244.81,94992.29,10,35,26453.01,648.88,0
R01412,Logistics,80,2024-10,56886.93,35465.12,39,15,57064.38,0,0
R01413,Logistics,117,2025-03,78908.51,81641.64,21,36,61355.73,7055.78,0
R01414,Healthcare,114,2024-08,103387.06,75261.01,10,45,61314.49,0,0
R01415,Logistics,3,2025-01,17696.04,13101.9,21,25,30853.74,11882.55,0
R01416,Retail,93,2024-01,73856.78,53363.69,46,19,21223.08,2105.91,0
R01417,Healthcare,95,2024-10,93573.02,80645.58,37,32,44444.06,10207.07,0
R01418,Manufacturing,51,2025-01,57387.85,37854.08,79,23,0,6829.04,0
R01419,Logistics,31,2024-02,38593.3,26679.3,28,53,45840.12,6527.53,0
R01420,Manufacturing,13,2025-01,4000,3016.82,40,25,18021.71,0,0
R01421,Hospitality,75,2025-05,63371.31,66277.31,45,66,27010.11,7103.29,0
R01422,Manufacturing,27,2024-04,28123.07,26462.41,46,12,58920.4,9065.34,0
R01423,IT Services,87,2024-10,60468.61,61891.99,57,43,24043.26,126.02,0
R01424,Retail,4,2025-02,4000,3114.91,39,44,23178.73,2877.97,1
R01425,Hospitality,76,2024-08,69454.78,53832.45,23,33,84360.89,6839.33,0
R01426,Hospitality,42,2025-05,56846.76,41025.82,10,46,14104.98,2920.14,0
R01427,IT Services,29,2024-02,41908.36,30266.89,38,13,41449.17,0,0
R01428,Manufacturing,17,2024-07,20760.03,12593.26,19,32,13981.39,5008.01,0
R01429,Healthcare,39,2024-12,37071.87,25299.84,24,59,15681.56,3385.49,0
R01430,Retail,120,2025-05,93945.21,69018.93,35,5,41861.04,2192.25,0
R01431,IT Services,111,2024-10,88365.69,86087.13,51,25,35100.96,0,0
R01432,Manufacturing,57,2024-05,47495.89,46525.53,69,33,46527.66,878.09,1
R01433,IT Services,71,2024-11,62972.2,41046.69,22,48,54410.67,1661.28,0
R01434,IT Services,58,2024-06,48741.52,38475.98,41,52,8915.56,7718.02,0
R01435,IT Services,66,2025-02,51099.17,53323.81,14,18,13559.0,1916.91,0
R01436,Hospitality,55,2024-06,40229.42,30426.19,54,0,23181.04,3428.67,0
R01437,Manufacturing,53,2025-03,58711.48,55806.13,55,36,46354.93,6819.32,0
R01438,Hospitality,25,2025-02,17638.88,12582.4,35,79,16666.77,3989.24,0
R01439,Retail,15,2025-06,15772.78,9724.68,57,0,10415.1,0,0
R01440,Retail,34,2024-12,44432.33,30294.89,37,25,51957.15,2898.0,0
R01441,Manufacturing,53,2024-03,49869.97,29160.48,10,32,51998.94,9652.26,0
R01442,Logistics,79,2025-06,65718.49,55714.9,23,23,15535.62,5746.77,0
R01443,Manufacturing,80,2025-05,58278.72,36320.98,58,39,39202.2,10966.94,0
R01444,Manufacturing,52,2024-04,41127.63,28232.26,29,0,42372.24,2383.55,0
R01445,Manufacturing,52,2024-07,55197.96,49742.03,46,22,20653.19,6013.54,0
R01446,Logistics,76,2024-01,65135.32,68249.29,63,45,46144.98,0,1
R01447,IT Services,68,2024-12,58079.5,58226.22,38,14,37522.9,7055.58,0
R01448,Logistics,70,2025-03,51794.89,48387.17,38,56,54140.63,4253.65,0
R01449,Manufacturing,11,2024-09,21444.55,18853.75,21,42,59244.16,3841.66,0
R01450,IT Services,46,2024-07,55784.7,54318.69,13,20,35920.51,2038.78,0
R01451,IT Services,86,2025-05,76797.14,73211.03,42,20,56643.68,3717.68,0
R01452,Retail,24,2024-05,12105.45,12044.9,23,47,12194.29,5192.31,1
R01453,Hospitality,69,2025-06,67770.59,67457.39,30,13,17751.78,11789.98,0
R01454,Healthcare,109,2024-02,73056.64,55233.28,27,23,4297.02,241.83,0
R01455,Hospitality,104,2024-11,96173.37,96244.57,54,28,51205.15,7757.28,0
R01456,Hospitality,54,2024-01,48209.91,32401.6,46,16,42898.21,7061.52,0
R01457,Logistics,116,2025-08,105356.8,93606.78,37,33,19729.17,2682.7,0
R01458,IT Services,60,2024-10,52858.97,50916.9,44,2,22391.19,3783.86,0
R01459,IT Services,105,2024-01,79658.12,55492.58,10,53,66430.14,0,0
R01460,Hospitality,4,2024-11,13375.1,12877.94,31,12,10523.34,1535.92,0
R01461,Manufacturing,106,2025-02,81979.58,62467.35,33,16,11847.92,9308.21,1
R01462,Hospitality,29,2024-06,35784.84,25154.68,62,31,69902.97,6657.02,0
R01463,Retail,30,2025-06,35792.81,24840.3,43,19,43383.35,0,0
R01464,Hospitality,14,2024-02,18271.67,14353.07,49,26,72917.71,4293.76,0
R01465,Retail,54,2024-03,57233.11,43022.75,59,25,34454.93,9213.87,0
R01466,Manufacturing,87,2024-08,87642.0,69710.55,34,0,26950.66,2110.99,1
R01467,IT Services,84,2025-02,62829.2,53030.85,53,32,99096.36,2484.51,0
R01468,Retail,97,2024-08,56215.52,43826.4,46,36,74342.12,2658.85,1
R01469,Logistics,118,2025-05,86619.22,71639.1,38,48,0,2370.32,0
R01470,Manufacturing,112,2024-09,102638.44,68104.46,37,24,31160.39,10297.94,0
R01471,Logistics,23,2024-02,17205.26,14382.52,33,52,24611.97,3657.55,0
R01472,Logistics,47,2025-07,45713.23,44253.73,32,9,45955.82,0,0
R01473,Manufacturing,68,2024-08,61035.09,51301.11,71,44,0,3917.45,0
R01474,IT Services,76,2024-01,63840.96,44348.3,32,4,63160.23,0,0
R01475,Manufacturing,6,2025-05,21572.16,14468.2,19,48,42146.93,0,0
R01476,Logistics,115,2024-01,88698.46,79323.83,49,18,48065.75,10093.5,0
R01477,IT Services,120,2025-04,97257.02,100072.98,27,30,60813.69,4577.41,0
R01478,Logistics,67,2024-02,56386.39,33852.29,44,0,68745.5,1354.84,0
R01479,Logistics,47,2024-04,32165.81,23642.38,17,22,45386.93,5561.32,0
R01480,Hospitality,39,2024-04,46782.69,39914.42,27,22,25258.47,2114.95,0
R01481,Retail,102,2025-06,82546.34,84561.2,24,11,53711.67,5574.61,0
R01482,Logistics,38,2025-03,22890.15,22954.32,19,47,45375.41,3806.34,0
R01483,Hospitality,100,2024-09,74851.34,68514.54,74,39,49458.81,0,0
R01484,Healthcare,57,2025-04,60539.52,41715.2,47,22,40861.95,0,0
R01485,Retail,72,2024-08,61318.4,42699.46,24,10,37877.54,0,0
R01486,Retail,120,2024-12,110249.34,71949.1,57,42,31009.36,0,0
R01487,Manufacturing,115,2024-03,92335.88,97720.35,60,37,19243.85,2311.01,0
R01488,Logistics,79,2025-07,81353.5,71360.73,14,25,10170.97,3562.68,0
R01489,Healthcare,83,2025-08,74932.93,51683.68,42,41,49754.9,0,1
R01490,Hospitality,68,2024-09,70911.88,41849.29,10,47,51054.93,7273.99,0
R01491,Logistics,27,2025-01,23470.19,24444.51,13,56,25169.5,2584.45,1
R01492,Retail,120,2024-09,93895.14,89412.96,55,0,26721.93,3545.32,0
R01493,Retail,88,2025-08,82110.49,66743.88,29,36,45994.91,633.0,0
R01494,Retail,104,2025-05,74492.88,58162.37,18,0,11024.12,2676.19,0
R01495,Hospitality,98,2025-02,71097.47,61092.27,29,22,17065.64,3893.58,0
R01496,Healthcare,85,2025-06,57662.21,54014.4,57,34,52711.78,683.74,0
R01497,Manufacturing,98,2025-06,74804.41,67323.83,33,17,49514.76,9154.38,0
R01498,Logistics,40,2025-04,21337.08,14073.42,60,28,23157.33,5603.22,0
R01499,Manufacturing,52,2024-07,58976.67,46989.05,28,15,71594.62,0,1
R01500,Healthcare,99,2024-07,88475.1,77490.38,48,39,75767.69,7659.93,0
R01501,Manufacturing,65,2025-06,61401.07,65198.03,66,9,0,0,0
R01502,Manufacturing,76,2025-08,63437.31,67303.38,40,17,21908.44,2675.55,0
R01503,Healthcare,77,2025-05,83067.54,52044.78,64,1,40241.43,0,0
R01504,Hospitality,108,2025-05,97974.28,93636.54,23,20,36309.74,2326.71,0
R01505,Retail,60,2024-05,57487.7,34712.93,40,36,51486.56,7344.78,0
R01506,Logistics,114,2024-05,93374.24,61224.37,28,35,39824.66,7569.98,0
R01507,IT Services,95,2024-02,81753.27,64530.11,38,17,53543.45,0,0
R01508,Manufacturing,27,2024-12,34854.47,27890.24,43,29,49107.13,0,0
R01509,Logistics,64,2024-09,57413.64,59379.97,24,60,0,5838.08,0
R01510,Logistics,91,2024-12,82229.21,56157.17,45,32,29417.53,1614.4,0
R01511,Logistics,112,2025-04,103783.37,92250.75,29,17,0,0,1
R01512,Healthcare,105,2025-02,89624.94,66726.79,46,0,14672.63,7641.37,1
R01513,IT Services,20,2024-06,23541.89,19755.73,49,52,47161.27,6900.38,1
R01514,Logistics,100,2024-10,86532.1,54781.3,67,18,33543.93,8193.5,0
R01515,Retail,8,2025-06,6644.12,5293.09,44,15,62208.76,4086.68,0
R01516,Retail,56,2024-05,44508.83,47939.54,64,0,19918.7,11244.05,0
R01517,Hospitality,104,2024-04,94160.31,62773.87,21,0,46306.25,7501.78,0
R01518,Healthcare,95,2024-12,103819.55,105250.07,38,29,46239.34,4390.4,0
R01519,IT Services,116,2024-05,83271.85,86048.41,52,41,63000.47,0,0
R01520,IT Services,9,2025-02,21614.15,23185.54,50,27,42006.97,4618.28,0
R01521,Logistics,32,2025-01,45791.92,38019.29,43,86,34811.89,7397.51,1
R01522,Hospitality,91,2025-02,83485.97,70158.14,31,43,70750.29,6103.27,0
R01523,Healthcare,34,2025-08,14720.05,10612.13,39,6,30435.14,13.93,0
R01524,IT Services,117,2024-05,77326.64,49665.57,19,25,32272.81,0,1
R01525,Retail,28,2024-07,29843.61,19663.23,18,29,1768.44,513.49,0
R01526,Manufacturing,115,2024-10,77674.77,65629.55,73,40,30669.84,6567.56,0
R01527,Retail,65,2024-06,54148.06,39391.62,48,37,45477.05,9234.09,0
R01528,Retail,95,2025-04,78194.68,70413.09,10,5,33060.49,5089.79,0
R01529,Manufacturing,107,2024-10,77985.62,61636.19,32,28,0,0,1
R01530,Hospitality,46,2025-01,23981.74,19882.14,35,48,16628.67,6680.41,0
R01531,Retail,111,2024-06,101165.75,76141.64,27,14,40587.45,1350.49,0
R01532,Hospitality,120,2025-02,119733.63,78964.76,50,19,66137.53,5888.19,0
R01533,Manufacturing,79,2024-02,76873.39,46897.8,66,36,42613.62,0,0
R01534,Healthcare,20,2025-08,36439.53,32094.18,55,16,19350.17,1484.75,0
R01535,IT Services,63,2025-06,64779.04,45992.37,41,76,68734.68,0,0
R01536,Retail,106,2024-11,87925.99,56723.36,56,0,25893.18,4598.52,0
R01537,Manufacturing,95,2024-01,90223.85,81491.72,27,58,68832.75,1950.23,0
R01538,Retail,44,2025-02,48307.55,28938.02,37,0,39615.12,0,0
R01539,Healthcare,100,2024-12,102489.96,80958.32,52,30,21087.08,12382.5,1
R01540,Manufacturing,8,2024-08,11364.33,6922.0,39,19,57317.7,0,0
R01541,Logistics,59,2025-03,63350.69,51352.89,65,42,34476.36,0,0
R01542,Healthcare,49,2024-03,40652.7,36928.66,60,40,64036.92,7953.09,0
R01543,IT Services,56,2024-01,45491.35,42072.56,64,19,28241.96,0,0
R01544,Hospitality,8,2025-06,12086.05,10594.11,38,36,47252.87,0,0
R01545,Hospitality,90,2024-07,96685.01,79822.84,10,3,78975.54,0,0
R01546,Healthcare,9,2024-04,4000,3693.7,19,62,56737.0,0,0
R01547,Hospitality,51,2024-06,41598.16,26212.72,57,38,0,11484.19,0
R01548,Logistics,5,2024-08,15769.07,12361.36,36,30,18809.69,0,0
R01549,Hospitality,56,2025-08,52277.07,38299.01,17,59,58567.13,5218.5,0
R01550,Healthcare,54,2024-05,58175.86,39595.85,39,0,44232.12,6485.72,0
R01551,Logistics,109,2024-03,98051.97,68190.83,24,13,62746.02,6930.34,0
R01552,Hospitality,92,2025-02,89592.43,87068.51,18,33,25630.39,725.09,0
R01553,Retail,32,2024-03,42982.99,27669.1,36,55,38999.79,5385.78,0
R01554,Hospitality,84,2025-05,77439.17,48347.84,17,0,50627.34,1336.89,1
R01555,Hospitality,70,2025-02,79873.23,72581.65,24,34,31163.06,4209.52,0
R01556,Manufacturing,47,2024-06,46241.28,48650.99,45,25,57948.97,5275.98,0
R01557,Retail,119,2024-11,106723.48,99459.64,19,67,46535.33,8395.5,0
R01558,Manufacturing,67,2024-01,64180.5,38127.35,46,4,66977.15,6460.54,0
R01559,Logistics,88,2025-03,72678.53,72179.99,31,25,13241.27,4173.91,1
R01560,Logistics,102,2024-02,80756.95,77732.43,15,74,46210.66,7594.08,1
R01561,Retail,78,2025-08,55054.81,44011.47,40,15,24546.44,8030.22,0
R01562,Retail,14,2025-04,15537.29,9256.46,29,39,33630.2,10019.58,0
R01563,Logistics,43,2024-03,40288.15,34769.1,33,0,20417.45,952.13,0
R01564,IT Services,107,2025-08,102072.77,67326.84,33,39,21693.31,4432.96,0
R01565,Logistics,82,2024-03,69145.63,66553.75,24,10,0,941.85,0
R01566,Manufacturing,117,2024-02,89217.89,73338.29,48,55,47451.32,9056.85,0
R01567,Retail,83,2025-04,82560.29,69658.25,29,16,61621.22,6500.56,0
R01568,IT Services,5,2024-03,16860.64,13509.66,21,34,60578.07,2909.37,1
R01569,Healthcare,10,2024-12,23884.94,15088.28,18,38,38106.49,3242.33,0
R01570,Logistics,32,2024-01,25192.27,21688.53,10,21,65707.15,5512.91,0
R01571,Logistics,4,2024-11,7247.79,6565.86,10,0,16057.58,7161.34,1
R01572,Manufacturing,34,2024-10,28865.65,20503.48,25,31,34551.62,0,0
R01573,Manufacturing,42,2024-04,40483.24,29162.26,60,27,20443.47,0,1
R01574,Manufacturing,77,2025-08,71273.72,75710.61,13,24,41737.34,12183.39,0
R01575,IT Services,85,2025-03,70525.82,73205.48,45,47,16858.62,6482.02,0
R01576,IT Services,14,2024-01,8153.0,5504.14,17,22,46499.92,0,0
R01577,Logistics,10,2025-04,19192.24,13458.57,42,66,24474.29,567.33,0
R01578,Hospitality,87,2024-02,63964.14,56469.34,14,34,15037.21,0,0
R01579,Healthcare,76,2024-01,79629.22,84078.12,48,38,51292.03,502.18,1
R01580,IT Services,112,2025-01,107779.07,84856.86,44,42,0,0,0
R01581,Manufacturing,3,2024-06,4000,2500,69,23,34412.65,3951.21,0
R01582,IT Services,113,2024-01,87360.91,72751.55,41,3,46063.12,9072.3,0
R01583,IT Services,36,2024-05,43839.1,29226.6,24,26,47090.9,10632.77,1
R01584,Hospitality,27,2024-07,25133.34,26455.05,23,19,39075.85,8781.79,1
R01585,Logistics,100,2024-12,95668.77,63150.79,47,52,67624.71,6642.92,1
R01586,Healthcare,97,2024-10,79953.59,77417.3,49,31,35255.97,7918.9,0
R01587,Healthcare,93,2024-01,76398.94,76974.04,57,42,23241.11,4010.13,0
R01588,Retail,4,2024-03,20990.91,17256.73,28,23,9364.25,2678.03,0
R01589,IT Services,21,2025-02,37726.2,36759.16,44,40,48149.79,9565.1,1
R01590,Logistics,90,2025-02,92054.96,75108.63,19,52,24683.43,7625.79,0
R01591,Logistics,116,2025-03,73166.7,47583.5,10,32,35554.8,5950.99,0
R01592,Retail,105,2024-12,78572.46,73756.93,35,14,19481.13,0,0
R01593,IT Services,16,2024-03,34177.55,36854.63,59,0,19562.49,1188.1,0
R01594,IT Services,119,2024-12,96963.31,86238.33,30,21,38305.01,0,1
R01595,IT Services,67,2024-03,62022.81,60241.68,38,53,5885.45,5811.41,0
R01596,Logistics,86,2024-09,56395.66,52518.07,73,48,30605.35,4275.13,0
R01597,Logistics,76,2024-07,66499.6,60849.7,46,38,31194.11,5435.06,0
R01598,Healthcare,37,2024-11,27734.29,28997.59,37,40,81379.29,6533.57,0
R01599,Manufacturing,78,2025-04,63355.81,52940.79,35,8,43164.9,5095.27,0
R01600,Hospitality,77,2024-02,58047.03,33696.29,47,55,57911.82,4973.26,0
